,edu,age,female,conspiracy,scandal,media_score,google,poltrust_score
0,3,31,0,1,0,52.5,60,41.3333333333333
1,3,28,1,1,1,52.5,50,65.0
2,1,30,1,1,0,15.0,0,30.0
3,2,27,0,1,1,73.75,62,77.3333333333333
4,2,23,1,0,1,64.375,80,50.0
5,1,42,0,1,1,60.625,50,55.8333333333333
6,2,23,1,1,0,61.25,70,50.3333333333333
7,2,29,0,0,1,43.125,50,34.5
8,2,37,0,1,1,46.875,65,45.0
9,1,27,0,1,1,13.75,0,16.6666666666667
10,2,33,0,0,0,46.25,60,55.0
11,2,22,1,1,0,53.75,60,12.5
12,1,22,1,0,0,52.5,50,63.3333333333333
13,2,33,0,0,0,68.75,75,65.0
14,1,20,0,1,1,45.5,55,21.6666666666667
15,1,33,0,0,1,23.125,5,22.3333333333333
16,3,27,1,0,0,20.875,5,22.6666666666667
17,2,23,1,1,1,42.5,50,42.5
18,2,32,1,1,1,75.625,75,20.8333333333333
19,0,27,1,0,1,46.25,80,49.1666666666667
20,0,21,0,0,1,26.25,25,32.8333333333333
21,0,27,0,0,1,30.0,40,41.6666666666667
22,2,42,1,0,0,49.375,75,64.1666666666667
23,0,19,0,0,0,50.0,50,33.3333333333333
24,0,25,0,0,0,61.125,75,57.6666666666667
25,3,28,0,1,0,56.25,50,60.0
26,1,36,0,1,1,68.125,75,71.6666666666667
27,3,41,1,0,1,74.875,99,72.1666666666667
28,0,38,1,0,1,35.0,20,75.0
29,1,21,0,1,1,57.5,65,58.3333333333333
30,1,57,1,0,1,63.75,100,35.3333333333333
31,3,50,1,0,1,55.0,70,62.5
32,2,51,1,0,1,76.875,100,66.6666666666667
33,2,28,1,1,1,26.875,40,39.1666666666667
34,0,59,0,1,1,60.0,50,45.3333333333333
35,2,40,1,1,0,54.375,50,55.0
36,2,24,0,0,1,60.625,70,48.3333333333333
37,1,35,0,0,1,30.0,40,22.5
38,2,43,1,1,0,43.75,25,58.3333333333333
39,1,29,0,0,0,52.5,50,21.6666666666667
40,2,35,0,1,1,53.125,40,47.5
41,2,35,0,1,0,50.0,50,29.5
42,2,52,0,1,1,55.0,80,66.6666666666667
43,2,53,1,1,0,32.5,50,30.0
44,2,25,1,0,0,13.75,0,36.6666666666667
45,2,29,1,1,0,43.75,40,70.0
46,2,25,0,0,0,39.625,61,45.1666666666667
47,1,44,0,0,0,68.125,100,35.0
48,2,24,0,0,0,20.0,0,46.6666666666667
49,3,43,1,0,0,46.25,80,65.8333333333333
50,3,59,1,0,0,51.25,50,68.3333333333333
51,3,29,1,0,0,52.5,50,35.0
52,2,28,1,1,0,45.0,50,35.0
53,1,24,1,0,1,6.25,0,0.0
54,1,28,0,1,1,40.625,65,61.6666666666667
55,2,27,0,1,0,58.75,100,50.0
56,1,21,1,0,1,64.375,70,58.3333333333333
57,3,28,0,1,1,61.25,50,53.3333333333333
58,2,42,0,1,1,25.125,10,38.8333333333333
59,0,65,1,0,1,40.0,30,55.0
60,1,20,0,1,0,60.0,75,67.5
61,1,30,1,0,0,25.0,75,40.0
62,3,34,0,1,0,15.625,20,10.8333333333333
63,2,30,1,1,0,30.625,20,58.3333333333333
64,2,24,1,0,1,61.875,90,48.3333333333333
65,1,45,1,0,0,22.5,30,17.3333333333333
66,3,52,1,0,0,58.75,50,56.6666666666667
67,2,38,0,0,0,66.25,90,69.1666666666667
68,0,32,0,1,1,61.25,70,18.8333333333333
69,1,39,1,0,1,3.125,0,0.833333333333333
70,2,39,0,0,1,49.5,30,46.8333333333333
71,2,23,0,0,1,48.125,40,41.1666666666667
72,2,25,1,0,1,72.75,87,60.1666666666667
73,3,38,0,0,0,46.625,40,53.3333333333333
74,1,36,1,0,1,31.875,40,12.5
75,0,47,1,0,0,55.375,65,53.3333333333333
76,0,33,1,1,1,32.5,20,55.0
77,2,44,0,0,1,39.375,50,29.5
78,2,32,0,1,0,60.0,70,61.6666666666667
79,2,67,0,0,1,45.0,50,67.5
80,2,44,0,0,1,45.625,35,43.3333333333333
81,3,37,1,0,0,37.5,0,75.0
82,0,26,1,0,1,47.5,40,60.8333333333333
83,3,25,0,0,0,64.375,100,34.6666666666667
84,3,50,1,0,1,35.0,50,36.6666666666667
85,1,30,0,0,0,26.25,60,35.0
86,1,44,0,0,1,87.5,100,50.0
87,2,25,1,0,0,65.0,90,60.0
88,2,29,0,1,0,33.75,30,19.8333333333333
89,2,35,1,0,1,50.0,75,52.5
90,2,38,1,0,0,47.5,50,78.3333333333333
91,1,28,1,1,1,26.25,30,51.6666666666667
92,2,35,1,0,1,60.0,70,60.0
93,2,48,1,1,0,48.75,50,40.3333333333333
94,0,43,1,1,1,51.25,75,60.0
95,3,30,0,0,1,29.375,50,21.5
96,2,39,0,1,0,42.625,50,65.8333333333333
97,1,43,1,1,0,29.375,10,45.0
98,3,28,1,0,1,38.125,50,46.6666666666667
99,2,37,1,0,0,53.5,45,51.0
100,2,40,1,0,0,17.5,10,29.8333333333333
101,2,45,0,1,1,30.625,30,18.0
102,1,25,0,0,0,68.0,75,63.3333333333333
103,2,34,1,0,1,42.5,50,40.8333333333333
104,2,43,0,0,0,34.375,10,29.1666666666667
105,1,23,1,0,0,71.875,90,41.6666666666667
106,2,58,1,0,0,42.5,75,66.6666666666667
107,3,47,0,1,1,31.25,0,35.0
108,2,38,1,1,1,30.625,25,19.1666666666667
109,1,26,1,0,1,25.0,50,41.6666666666667
110,2,43,0,1,0,52.5,80,71.6666666666667
111,1,40,0,1,0,25.0,10,71.6666666666667
112,2,59,1,1,1,43.125,50,70.0
113,0,29,0,0,0,50.0,100,25.0
114,3,24,1,0,0,50.625,50,44.1666666666667
115,2,63,1,1,1,45.0,50,41.6666666666667
116,2,30,1,1,0,21.25,10,14.1666666666667
117,2,25,0,1,1,53.75,90,63.3333333333333
118,1,66,1,0,0,55.0,45,74.6666666666667
119,3,40,1,1,1,45.625,50,40.8333333333333
120,2,22,1,1,1,37.125,20,48.6666666666667
121,3,46,1,0,1,10.0,10,23.3333333333333
122,2,32,0,0,1,51.375,50,58.5
123,2,25,0,1,1,22.75,2,22.0
124,1,57,0,0,1,28.75,50,60.8333333333333
125,2,34,1,0,0,52.5,30,66.6666666666667
126,1,32,1,1,1,55.0,75,58.3333333333333
127,3,53,0,1,0,50.625,90,46.6666666666667
128,1,56,1,1,1,56.25,50,70.8333333333333
129,1,61,1,1,1,43.75,60,43.0
130,2,31,0,0,0,48.75,40,63.3333333333333
131,2,22,0,0,0,46.125,75,16.6666666666667
132,2,30,0,0,0,60.75,78,62.1666666666667
133,2,54,1,0,0,30.0,25,63.3333333333333
134,3,32,1,0,0,51.875,55,34.6666666666667
135,3,38,1,0,0,61.25,90,65.0
136,1,46,1,0,0,43.75,50,41.6666666666667
137,2,43,0,1,1,35.625,50,48.3333333333333
138,2,52,1,0,1,52.5,70,76.6666666666667
139,1,32,1,0,0,30.875,30,61.6666666666667
140,1,25,1,1,1,56.875,85,60.8333333333333
141,2,52,1,1,0,27.5,0,13.3333333333333
142,0,36,0,0,1,28.75,40,43.3333333333333
143,2,51,0,1,0,60.0,70,75.8333333333333
144,2,33,0,1,0,75.625,70,77.5
145,0,39,0,0,1,3.75,0,15.8333333333333
146,3,38,1,0,1,65.0,70,68.3333333333333
147,2,24,1,1,0,41.25,40,53.3333333333333
148,0,28,1,1,1,63.75,100,43.3333333333333
149,1,29,1,0,0,50.0,50,53.3333333333333
150,2,44,1,1,1,50.625,65,56.6666666666667
151,1,60,1,1,0,68.75,80,83.3333333333333
152,2,64,1,0,0,47.5,50,45.0
153,3,76,0,0,0,50.0,60,74.1666666666667
154,2,45,0,1,1,27.5,40,15.0
155,0,36,0,1,1,46.875,50,28.3333333333333
156,2,56,1,0,0,33.25,10,45.3333333333333
157,0,54,1,1,0,50.0,50,70.8333333333333
158,2,46,1,1,1,45.0,70,38.0
159,3,41,1,0,1,62.375,75,70.0
160,2,41,1,1,1,41.25,50,49.1666666666667
161,2,49,0,1,1,6.25,25,4.16666666666667
162,3,67,1,1,1,34.375,50,44.0
163,2,28,1,1,0,50.625,80,45.1666666666667
164,2,56,1,1,0,43.75,50,65.0
165,0,33,1,1,1,30.0,40,18.0
166,2,45,1,0,1,64.375,75,78.3333333333333
167,2,42,0,0,0,63.75,75,45.3333333333333
168,2,39,1,1,0,53.75,60,56.6666666666667
169,2,41,1,1,0,50.0,50,35.1666666666667
170,2,34,1,0,0,65.625,65,48.3333333333333
171,3,28,0,0,1,76.25,70,83.3333333333333
172,0,50,1,0,0,41.25,50,38.3333333333333
173,0,31,0,0,0,41.25,50,16.6666666666667
174,1,42,0,0,0,15.625,25,15.8333333333333
175,3,29,0,1,1,21.25,50,17.0
176,1,41,1,1,1,53.125,75,53.3333333333333
177,2,51,0,1,0,17.5,0,30.8333333333333
178,2,23,1,1,1,51.25,70,55.8333333333333
179,3,34,1,1,1,40.625,50,70.8333333333333
180,2,36,0,1,0,44.375,50,58.3333333333333
181,2,23,0,1,0,48.75,60,60.8333333333333
182,2,58,1,0,0,35.0,40,61.6666666666667
183,2,26,0,0,1,55.0,60,46.6666666666667
184,1,25,1,0,1,49.375,60,46.6666666666667
185,1,19,1,1,0,43.75,50,65.8333333333333
186,2,40,0,0,1,56.25,75,48.6666666666667
187,0,72,1,0,1,14.375,5,49.1666666666667
188,2,31,1,0,0,67.5,80,70.0
189,0,39,1,0,1,43.75,65,33.3333333333333
190,2,58,0,1,0,62.5,90,52.5
191,1,33,0,1,0,60.625,70,65.8333333333333
192,1,48,1,0,0,58.125,85,63.3333333333333
193,0,60,1,0,0,50.0,100,73.3333333333333
194,2,44,1,0,1,48.0,50,73.3333333333333
195,0,36,0,1,0,15.0,20,3.33333333333333
196,1,41,1,1,1,60.0,90,43.3333333333333
197,2,49,1,1,1,21.875,15,45.0
198,3,38,1,0,1,37.5,20,35.6666666666667
199,2,30,1,0,1,40.0,15,31.1666666666667
200,1,30,1,1,1,13.75,25,1.16666666666667
201,2,34,0,1,0,53.75,50,39.8333333333333
202,0,37,1,0,0,11.875,0,61.6666666666667
203,0,25,1,0,1,44.375,45,38.1666666666667
204,2,35,1,0,1,62.5,100,35.0
205,2,56,0,1,1,44.375,50,46.6666666666667
206,3,27,1,1,1,28.125,40,12.1666666666667
207,0,23,1,0,0,37.5,80,63.3333333333333
208,2,52,1,1,1,16.875,20,22.5
209,2,30,1,1,1,63.75,70,60.8333333333333
210,1,24,0,0,1,46.875,70,30.0
211,1,60,0,1,0,40.0,30,41.6666666666667
212,1,51,0,0,1,63.125,80,63.3333333333333
213,2,43,1,1,1,33.75,40,32.6666666666667
214,2,23,0,0,0,40.0,80,60.0
215,0,49,0,0,0,34.375,50,50.8333333333333
216,3,45,0,0,0,46.625,15,53.3333333333333
217,0,56,1,0,0,51.25,50,50.0
218,0,50,0,1,0,41.25,50,28.3333333333333
219,2,65,1,1,0,50.625,100,48.3333333333333
220,3,32,0,0,1,10.0,10,15.0
221,3,36,0,1,1,60.0,50,51.6666666666667
222,1,19,0,0,0,49.375,45,78.5
223,2,31,1,0,0,50.0,50,33.3333333333333
224,2,25,1,0,1,17.5,0,0.0
225,2,32,1,0,1,45.625,50,33.3333333333333
226,2,24,0,0,0,25.625,0,45.0
227,3,61,1,0,1,42.5,35,66.6666666666667
228,2,37,0,0,1,50.375,40,34.5
229,2,26,1,0,0,48.75,30,56.1666666666667
230,1,45,0,1,0,55.0,70,74.1666666666667
231,2,55,1,1,1,18.75,10,58.3333333333333
232,2,42,0,0,1,17.5,0,33.6666666666667
233,2,42,1,1,1,85.0,100,67.8333333333333
234,2,23,1,0,0,35.625,45,44.1666666666667
235,1,69,1,0,0,28.75,20,40.0
236,2,30,1,0,1,78.125,85,80.0
237,3,27,1,0,0,70.0,100,41.6666666666667
238,3,39,1,1,0,50.0,50,34.3333333333333
239,3,28,0,1,0,34.375,50,35.0
240,2,55,1,0,0,40.0,50,60.8333333333333
241,2,55,1,1,0,28.75,15,25.0
242,2,30,1,1,0,47.5,50,59.1666666666667
243,1,34,1,1,1,70.0,100,83.3333333333333
244,2,51,1,1,0,48.125,85,55.8333333333333
245,1,32,1,0,0,38.125,50,58.3333333333333
246,2,22,0,1,0,48.75,50,36.6666666666667
247,2,50,0,1,1,2.5,0,8.33333333333333
248,1,27,0,0,0,1.25,0,0.0
249,1,41,0,0,1,36.25,30,30.0
250,3,28,1,0,1,40.0,60,51.6666666666667
251,1,32,1,0,0,33.75,4,46.8333333333333
252,2,58,1,0,0,66.25,80,54.0
253,2,48,0,0,0,55.75,50,65.6666666666667
254,0,35,0,0,1,23.75,30,21.6666666666667
255,3,48,0,0,1,58.5,100,82.3333333333333
256,2,34,1,0,0,27.5,50,45.0
257,1,43,1,0,1,70.625,80,81.6666666666667
258,1,26,0,1,0,37.5,30,31.6666666666667
259,1,27,1,0,1,13.75,10,20.8333333333333
260,1,25,1,1,0,37.5,30,35.0
261,3,27,0,1,0,41.25,50,46.6666666666667
262,1,48,1,0,1,15.625,0,32.8333333333333
263,2,26,1,1,1,44.375,35,21.1666666666667
264,2,27,0,1,0,42.5,40,45.0
265,1,26,0,1,0,17.5,30,41.6666666666667
266,2,55,0,0,0,32.25,40,38.3333333333333
267,3,37,0,1,0,15.0,10,31.6666666666667
268,2,40,0,0,1,47.125,50,34.3333333333333
269,2,24,1,0,0,66.25,100,83.3333333333333
270,2,44,1,0,0,38.75,40,36.8333333333333
271,1,60,1,0,1,66.25,90,82.5
272,2,23,1,1,0,72.5,90,80.0
273,0,43,0,0,1,50.0,50,63.3333333333333
274,2,36,1,0,1,16.875,25,1.33333333333333
275,2,63,1,1,0,17.5,20,25.0
276,2,23,0,1,1,40.0,80,8.83333333333333
277,3,29,1,1,1,52.5,40,33.3333333333333
278,2,23,1,0,1,20.625,0,46.6666666666667
279,1,53,1,0,0,26.875,30,24.8333333333333
280,3,44,1,1,1,52.5,50,55.0
281,2,30,1,0,0,34.375,45,34.0
282,2,34,1,1,0,55.625,50,38.3333333333333
283,3,40,0,0,1,19.375,1,35.5
284,2,36,1,0,0,47.5,30,35.0
285,1,61,1,0,0,52.5,90,78.0
286,3,46,0,1,0,51.5,85,39.6666666666667
287,2,38,1,0,0,51.25,55,60.8333333333333
288,3,26,1,0,1,30.625,30,16.3333333333333
289,3,32,1,1,1,58.125,90,70.8333333333333
290,3,39,0,1,1,52.875,50,65.6666666666667
291,2,44,1,0,0,78.0,80,73.3333333333333
292,3,39,0,1,1,37.5,50,35.0
293,2,47,1,1,0,39.375,50,62.5
294,2,52,1,1,1,65.625,75,58.3333333333333
295,1,35,0,1,0,61.25,75,40.6666666666667
296,2,33,1,1,1,58.125,80,60.0
297,3,68,0,1,1,45.625,70,53.3333333333333
298,3,34,1,1,0,43.75,60,9.83333333333333
299,0,26,0,1,0,35.75,25,53.6666666666667
300,2,49,1,0,0,41.875,40,22.1666666666667
301,2,40,0,0,1,40.0,40,55.8333333333333
302,2,67,1,1,1,68.75,75,41.6666666666667
303,3,55,1,1,0,21.875,50,63.3333333333333
304,3,65,1,0,0,48.25,20,65.8333333333333
305,2,36,0,0,1,31.25,25,39.3333333333333
306,2,44,1,1,0,53.75,50,66.6666666666667
307,3,48,0,1,1,43.75,0,58.3333333333333
308,1,21,0,0,0,25.0,0,83.3333333333333
309,2,56,0,1,0,48.75,50,30.3333333333333
310,2,29,0,0,1,37.75,75,46.8333333333333
311,2,49,1,0,0,57.5,80,59.1666666666667
312,2,43,0,0,1,43.25,33,48.1666666666667
313,1,29,0,0,0,53.75,50,54.1666666666667
314,1,37,0,1,1,36.875,45,35.8333333333333
315,2,29,1,1,0,38.125,20,42.5
316,3,26,1,0,0,50.625,50,54.1666666666667
317,2,33,0,1,1,40.625,50,45.8333333333333
318,2,32,0,1,1,51.875,50,79.1666666666667
319,3,40,0,0,1,22.125,35,45.0
320,1,25,0,1,1,52.625,95,50.6666666666667
321,1,30,0,1,1,51.25,75,39.0
322,2,24,0,0,1,45.0,50,47.5
323,2,36,0,1,0,18.75,10,56.6666666666667
324,3,45,0,1,0,43.75,50,38.8333333333333
325,1,67,1,1,1,58.75,50,66.6666666666667
326,2,28,0,1,0,51.125,55,54.1666666666667
327,3,39,0,1,1,53.125,70,42.1666666666667
328,2,30,0,0,0,59.5,54,45.0
329,2,33,1,0,0,43.75,50,36.0
330,2,29,0,0,0,55.625,80,60.0
331,3,26,0,0,1,15.0,20,32.5
332,2,38,0,1,0,48.75,50,53.3333333333333
333,2,41,0,1,0,29.375,30,54.1666666666667
334,3,36,1,1,1,34.375,0,26.3333333333333
335,0,41,1,1,1,61.625,65,50.0
336,0,27,0,0,0,2.125,1,1.0
337,2,22,1,0,1,27.5,40,26.6666666666667
338,0,32,0,0,0,55.625,75,55.0
339,0,26,1,0,0,61.25,90,80.0
340,0,57,1,0,1,35.625,55,33.3333333333333
341,1,21,1,0,1,70.625,80,67.0
342,2,49,0,1,1,46.25,60,65.0
343,2,48,1,1,0,50.0,50,35.0
344,0,23,0,0,1,37.5,50,75.0
345,3,38,0,1,0,41.25,50,62.8333333333333
346,3,61,1,1,0,58.125,50,86.5
347,2,35,1,0,0,11.25,10,15.0
348,1,38,1,1,0,38.75,40,55.0
349,0,57,1,0,0,69.375,95,70.0
350,1,19,0,1,1,50.0,50,49.5
351,2,65,0,1,0,50.625,50,60.0
352,0,58,1,1,0,50.625,60,65.0
353,2,30,1,1,1,43.75,50,42.5
354,2,26,0,1,1,61.875,80,56.6666666666667
355,2,27,1,1,0,46.875,75,22.5
356,3,29,0,1,1,63.75,70,65.0
357,1,40,1,1,0,27.5,20,30.0
358,2,25,1,1,0,57.5,80,36.6666666666667
359,2,40,1,1,0,46.875,50,71.6666666666667
360,1,35,0,0,0,63.125,90,64.1666666666667
361,1,39,1,1,0,47.5,80,57.5
362,2,43,0,1,1,49.375,50,60.0
363,2,53,0,0,1,43.75,60,65.0
364,1,20,1,1,0,41.25,40,43.3333333333333
365,2,26,1,1,0,52.5,80,3.33333333333333
366,2,46,1,1,0,63.75,70,60.8333333333333
367,2,43,1,1,1,53.5,60,69.1666666666667
368,2,36,0,1,0,28.125,0,2.0
369,1,20,0,0,0,55.0,50,46.6666666666667
370,0,52,0,0,1,34.375,45,40.8333333333333
371,1,20,1,1,1,49.375,65,30.8333333333333
372,1,22,1,0,0,36.25,30,43.3333333333333
373,3,62,1,0,0,51.25,75,41.8333333333333
374,2,23,1,0,0,66.25,100,83.3333333333333
375,1,35,1,1,1,62.5,50,48.3333333333333
376,2,25,0,0,1,71.25,90,33.6666666666667
377,1,38,0,1,0,30.0,30,28.0
378,2,37,0,1,1,55.0,60,49.1666666666667
379,3,35,0,0,1,60.625,75,71.6666666666667
380,3,50,0,0,1,33.75,30,36.6666666666667
381,1,35,1,0,0,15.625,0,11.3333333333333
382,1,46,1,0,1,55.0,80,63.3333333333333
383,2,40,1,1,0,56.25,75,42.6666666666667
384,0,53,1,0,1,37.5,20,47.6666666666667
385,2,28,0,1,0,50.0,50,29.8333333333333
386,1,57,1,1,1,36.25,50,33.3333333333333
387,3,34,1,1,0,27.5,20,24.1666666666667
388,2,55,1,0,1,60.625,50,66.6666666666667
389,2,28,0,0,0,52.5,85,55.0
390,2,42,1,0,0,31.875,65,39.1666666666667
391,1,54,1,1,0,58.75,75,68.3333333333333
392,3,48,1,0,1,46.25,50,48.3333333333333
393,2,22,1,1,0,38.75,50,17.3333333333333
394,2,61,1,1,1,25.0,0,50.5
395,2,33,0,1,1,29.875,30,27.8333333333333
396,2,31,1,0,1,77.5,90,46.6666666666667
397,2,38,1,0,0,81.25,90,43.6666666666667
398,0,23,0,1,1,52.5,75,35.8333333333333
399,2,47,0,1,0,16.875,0,12.8333333333333
400,3,64,0,0,0,57.5,50,69.1666666666667
401,1,45,0,0,1,33.75,25,53.6666666666667
402,2,39,1,1,1,1.875,0,38.3333333333333
403,1,51,0,1,1,64.375,75,66.1666666666667
404,2,40,1,0,1,81.875,90,42.6666666666667
405,1,44,1,1,0,41.25,40,26.1666666666667
406,2,58,1,0,0,28.125,40,26.1666666666667
407,2,46,0,1,0,58.75,50,85.0
408,2,46,0,0,0,48.125,90,30.8333333333333
409,2,41,0,0,1,56.75,55,42.5
410,1,23,0,0,1,21.25,60,31.6666666666667
411,2,28,0,0,1,27.5,50,33.3333333333333
412,1,42,0,0,1,50.0,50,41.6666666666667
413,1,18,0,0,1,38.75,30,39.6666666666667
414,1,31,1,1,0,25.0,25,56.6666666666667
415,2,33,0,0,0,16.125,30,19.6666666666667
416,1,20,0,1,1,39.375,60,28.3333333333333
417,2,58,1,1,1,51.875,75,55.0
418,2,49,1,0,1,51.875,80,16.8333333333333
419,2,37,1,1,0,47.5,70,37.6666666666667
420,2,36,0,1,1,40.5,50,48.6666666666667
421,3,26,0,1,0,49.375,60,53.3333333333333
422,2,31,0,1,0,3.875,1,3.16666666666667
423,2,37,0,1,1,42.5,10,45.0
424,1,24,1,1,1,38.125,50,35.0
425,1,29,0,1,1,28.75,60,35.8333333333333
426,2,69,0,0,0,69.375,85,47.0
427,1,53,1,1,1,30.0,30,10.3333333333333
428,2,28,1,1,0,73.375,55,51.6666666666667
429,2,37,0,1,0,59.375,50,58.3333333333333
430,1,28,0,0,0,38.75,40,33.8333333333333
431,3,57,1,0,1,50.5,30,32.3333333333333
432,2,30,0,0,1,23.125,3,47.8333333333333
433,0,35,0,0,1,40.0,70,37.5
434,1,37,0,1,0,15.0,0,30.0
435,1,41,1,0,1,66.875,90,42.3333333333333
436,2,32,1,0,0,46.875,60,45.0
437,2,39,0,1,0,28.75,25,49.1666666666667
438,1,34,0,1,1,37.5,40,30.3333333333333
439,2,43,0,1,0,35.0,60,46.6666666666667
440,0,57,1,1,1,62.5,100,83.3333333333333
441,1,34,0,0,1,21.25,10,36.3333333333333
442,2,65,0,1,1,40.0,50,38.1666666666667
443,3,60,0,0,1,65.0,60,68.3333333333333
444,2,52,1,1,1,20.0,0,48.3333333333333
445,1,61,1,0,1,22.5,60,20.3333333333333
446,2,40,1,0,1,76.25,80,55.0
447,1,54,1,0,0,58.75,75,63.3333333333333
448,1,38,0,1,0,53.125,90,44.0
449,2,53,1,1,0,53.75,40,53.3333333333333
450,0,39,0,1,0,15.625,25,25.0
451,1,57,1,1,1,57.5,50,46.1666666666667
452,1,48,1,0,0,25.0,0,33.0
453,3,30,1,1,0,51.25,60,53.3333333333333
454,3,33,0,0,0,21.0,20,38.8333333333333
455,3,51,0,1,1,48.75,70,50.8333333333333
456,2,33,1,0,1,57.5,80,73.3333333333333
457,1,35,0,0,1,51.25,70,36.6666666666667
458,2,45,1,1,1,56.875,65,40.0
459,2,60,1,1,1,58.125,50,62.5
460,2,54,1,0,0,48.75,70,73.3333333333333
461,3,54,1,1,0,17.5,40,26.3333333333333
462,1,34,0,0,1,71.875,100,85.0
463,2,36,1,1,1,61.25,70,71.6666666666667
464,3,44,0,0,1,66.25,80,70.8333333333333
465,2,60,1,0,0,56.25,50,61.6666666666667
466,2,51,0,1,1,67.5,100,76.6666666666667
467,1,60,1,1,0,56.875,40,59.1666666666667
468,3,27,1,0,1,51.875,60,64.1666666666667
469,3,27,1,0,0,48.75,80,63.3333333333333
470,2,62,1,0,1,71.25,95,66.6666666666667
471,3,60,0,1,0,48.75,50,72.5
472,2,31,1,1,0,33.75,30,43.3333333333333
473,2,35,1,1,0,37.5,40,33.3333333333333
474,3,31,1,0,1,39.375,15,69.1666666666667
475,1,20,0,0,1,60.0,100,26.6666666666667
476,2,53,1,1,1,7.5,20,43.3333333333333
477,2,36,0,0,0,57.5,80,38.8333333333333
478,2,42,1,1,0,52.5,75,54.1666666666667
479,2,35,1,1,1,64.375,80,79.1666666666667
480,2,30,1,0,1,22.5,20,30.0
481,2,30,0,0,0,58.75,75,47.5
482,2,49,0,0,1,25.0,30,50.0
483,0,52,1,1,0,45.0,50,55.0
484,3,65,0,1,0,42.5,45,37.8333333333333
485,2,25,1,0,0,33.75,0,75.0
486,1,68,1,0,0,46.25,60,50.0
487,2,38,1,0,1,36.25,75,47.0
488,3,43,0,1,1,10.0,10,33.3333333333333
489,2,38,1,0,0,35.625,30,25.0
490,3,37,1,1,0,20.625,20,43.3333333333333
491,2,30,0,0,0,37.5,90,50.0
492,3,28,1,0,0,73.75,90,90.0
493,2,34,0,0,1,46.625,60,57.5
494,2,64,0,1,0,50.375,55,54.3333333333333
495,1,46,1,0,1,45.625,50,46.6666666666667
496,2,45,1,0,1,62.5,70,86.6666666666667
497,2,28,0,0,0,70.0,80,57.5
498,2,42,0,0,1,51.25,75,15.5
499,2,67,1,0,0,42.5,0,55.1666666666667
500,0,39,1,0,1,18.75,0,33.6666666666667
501,1,38,0,1,1,63.75,70,68.3333333333333
502,0,53,0,1,1,42.5,65,23.5
503,3,36,0,1,0,51.875,50,42.5
504,1,28,0,1,1,46.875,70,35.3333333333333
505,3,54,1,1,0,67.5,80,65.8333333333333
506,1,48,1,0,0,40.625,75,68.3333333333333
507,1,23,1,0,0,57.5,80,66.6666666666667
508,2,71,0,1,0,52.5,35,42.0
509,0,41,0,1,1,37.5,20,50.0
510,1,25,1,0,1,16.875,5,20.0
511,1,49,1,1,0,36.25,90,45.0
512,0,54,1,0,0,41.875,80,79.1666666666667
513,3,31,0,0,0,65.625,50,84.1666666666667
514,1,41,1,0,1,3.125,0,38.3333333333333
515,0,47,1,0,0,13.125,5,47.5
516,2,27,1,0,1,45.0,50,41.6666666666667
517,2,26,1,0,0,46.25,80,30.0
518,2,31,1,0,1,75.0,100,33.3333333333333
519,2,29,0,1,1,57.5,80,30.1666666666667
520,3,54,1,1,0,61.875,65,75.0
521,2,44,0,0,0,64.375,50,55.0
522,3,26,0,1,0,40.0,60,41.6666666666667
523,2,49,0,0,1,60.0,60,60.0
524,3,58,1,0,0,60.0,100,52.3333333333333
525,1,22,0,0,1,53.0,69,71.8333333333333
526,2,55,1,1,1,4.125,0,13.1666666666667
527,2,33,0,1,1,31.25,30,35.0
528,2,38,1,1,1,53.75,40,38.3333333333333
529,2,24,0,1,1,31.25,35,64.1666666666667
530,2,43,1,0,1,70.0,80,73.3333333333333
531,0,30,1,1,0,45.0,50,28.5
532,1,37,1,0,1,68.625,87,59.0
533,2,49,0,0,0,53.125,40,62.5
534,2,38,1,1,1,50.0,50,56.6666666666667
535,2,66,1,0,0,54.375,60,38.3333333333333
536,2,29,1,0,1,42.5,80,55.0
537,2,49,1,0,1,62.5,100,18.6666666666667
538,3,60,1,0,1,46.25,45,69.1666666666667
539,2,35,0,0,0,46.25,25,65.0
540,2,28,1,0,0,46.25,75,31.3333333333333
541,2,37,1,1,1,54.625,78,33.8333333333333
542,2,47,1,0,0,42.5,60,64.1666666666667
543,2,38,1,1,1,45.375,50,46.1666666666667
544,3,56,0,1,1,42.5,40,48.3333333333333
545,2,24,0,1,0,59.375,60,71.6666666666667
546,2,56,1,0,1,71.0,85,70.8333333333333
547,2,24,1,1,0,18.125,40,8.83333333333333
548,3,37,1,1,1,50.0,50,50.0
549,2,26,1,1,1,25.625,40,36.6666666666667
550,3,28,0,1,0,30.625,40,52.5
551,1,28,0,0,0,44.375,15,69.1666666666667
552,0,36,0,0,0,12.5,50,20.8333333333333
553,2,22,0,1,1,54.375,60,60.0
554,3,38,1,0,1,38.75,50,65.0
555,3,51,1,0,1,43.75,60,48.3333333333333
556,1,32,0,0,1,37.5,30,41.6666666666667
557,3,58,1,0,1,51.875,75,73.1666666666667
558,2,39,1,0,0,73.75,100,46.6666666666667
559,2,24,1,0,0,21.25,0,28.3333333333333
560,1,68,1,0,1,57.5,25,74.1666666666667
561,3,41,1,0,1,5.75,6,6.5
562,1,31,1,0,1,57.875,60,21.5
563,2,36,1,0,0,52.5,85,40.0
564,2,61,1,0,0,56.25,60,68.8333333333333
565,1,25,1,1,1,16.25,0,10.6666666666667
566,3,40,0,1,1,36.25,40,41.6666666666667
567,3,40,1,1,1,44.375,50,32.0
568,2,39,1,1,1,56.25,100,63.3333333333333
569,1,26,0,1,1,42.5,60,53.3333333333333
570,1,30,1,1,1,57.5,80,50.0
571,2,23,1,0,1,47.5,80,70.0
572,0,42,1,1,0,57.5,65,35.0
573,2,55,1,1,0,29.0,45,47.5
574,2,32,0,0,0,82.5,95,56.6666666666667
575,2,34,0,1,1,67.5,80,41.5
576,1,27,0,1,0,37.5,50,83.3333333333333
577,2,24,1,1,0,64.375,70,55.8333333333333
578,2,47,1,1,1,30.0,25,21.6666666666667
579,0,41,1,1,1,38.125,40,56.6666666666667
580,3,64,1,1,0,56.25,65,65.8333333333333
581,2,58,1,0,0,38.75,50,55.0
582,1,43,1,1,1,0.0,0,0.0
583,3,53,1,0,0,69.375,75,50.5
584,2,50,1,0,1,48.75,50,45.0
585,2,58,0,0,0,72.5,100,95.0
586,0,28,0,1,1,11.5,20,31.0
587,2,43,0,1,0,62.125,85,73.3333333333333
588,1,51,1,1,0,74.75,85,70.0
589,2,22,1,0,1,39.375,25,48.3333333333333
590,2,40,0,1,1,33.75,20,48.3333333333333
591,3,31,1,1,0,17.5,10,20.8333333333333
592,2,31,1,0,1,53.125,60,32.5
593,2,39,1,0,1,36.25,20,56.6666666666667
594,2,35,1,0,1,37.5,70,31.0
595,2,34,0,0,1,21.625,8,39.8333333333333
596,1,38,0,1,0,31.25,40,60.0
597,2,29,0,1,1,86.25,100,80.8333333333333
598,3,49,0,0,0,46.875,50,14.0
599,3,58,1,0,0,56.875,95,81.6666666666667
600,2,27,1,1,0,43.75,50,56.6666666666667
601,1,26,0,0,0,45.0,70,36.0
602,1,59,1,0,0,26.25,60,49.1666666666667
603,1,43,1,0,1,8.125,25,22.8333333333333
604,2,29,1,0,0,42.5,60,24.6666666666667
605,1,30,0,0,1,57.5,80,58.3333333333333
606,3,29,0,1,0,41.875,50,53.3333333333333
607,1,18,1,1,0,63.75,70,48.3333333333333
608,2,25,1,1,1,27.5,70,18.0
609,3,34,0,0,1,36.875,40,47.5
610,2,45,0,0,0,31.875,25,45.8333333333333
611,2,44,0,0,1,67.5,90,63.3333333333333
612,2,58,1,0,1,43.75,50,28.1666666666667
613,2,60,1,0,1,71.875,100,83.3333333333333
614,2,31,0,1,1,41.25,25,50.8333333333333
615,3,34,1,0,1,49.375,30,52.5
616,2,31,0,0,0,54.375,75,44.3333333333333
617,3,28,1,1,0,25.625,25,17.6666666666667
618,2,57,1,0,1,57.5,85,74.6666666666667
619,3,30,0,1,0,43.75,50,53.6666666666667
620,3,45,1,0,0,64.625,70,59.1666666666667
621,0,25,1,0,0,50.0,50,50.0
622,2,35,1,1,1,19.375,10,33.3333333333333
623,2,34,0,1,1,61.25,60,43.3333333333333
624,2,29,1,0,1,0.0,0,0.0
625,2,56,1,1,1,48.125,80,35.1666666666667
626,2,45,0,0,1,53.125,60,67.5
627,1,81,0,1,1,47.5,70,60.0
628,1,40,0,1,0,68.75,50,50.0
629,1,34,1,1,0,22.5,10,25.3333333333333
630,2,67,1,1,0,45.125,50,49.5
631,2,44,1,1,1,25.0,0,50.0
632,3,56,0,1,1,23.75,10,24.1666666666667
633,1,37,1,1,1,62.5,100,75.0
634,2,60,1,1,1,56.25,100,68.3333333333333
635,3,59,1,0,1,47.5,50,38.3333333333333
636,2,38,1,1,0,41.875,40,55.0
637,2,48,0,0,1,31.25,25,61.6666666666667
638,1,24,1,1,1,53.75,100,68.3333333333333
639,1,29,0,0,1,43.125,60,14.1666666666667
640,2,24,0,0,0,52.5,60,62.5
641,2,27,0,1,1,41.25,45,41.6666666666667
642,3,25,1,0,0,62.5,100,73.3333333333333
643,1,20,0,1,0,54.375,70,51.6666666666667
644,2,30,0,1,0,0.0,0,0.0
645,2,62,0,1,0,30.0,20,35.0
646,2,30,0,1,0,58.625,50,58.3333333333333
647,2,33,0,1,0,41.25,50,59.1666666666667
648,2,24,0,0,1,56.25,70,26.3333333333333
649,2,52,1,1,0,22.5,20,51.6666666666667
650,2,38,0,0,1,15.625,20,30.8333333333333
651,1,20,1,0,1,27.5,30,33.0
652,2,45,1,0,1,51.875,75,68.6666666666667
653,0,32,0,0,0,44.375,50,48.3333333333333
654,3,44,1,1,1,37.5,10,49.1666666666667
655,2,41,1,1,1,50.625,75,73.3333333333333
656,2,30,1,0,0,51.875,60,37.0
657,2,32,0,0,1,35.0,40,30.0
658,1,21,0,1,0,40.0,50,55.0
659,2,32,1,1,0,5.0,0,25.0
660,1,28,1,0,0,7.625,20,18.3333333333333
661,2,52,1,1,0,41.25,70,78.3333333333333
662,2,32,0,0,0,67.5,70,72.5
663,1,55,0,0,1,43.75,40,19.8333333333333
664,2,33,1,1,1,56.25,50,55.0
665,2,22,1,0,1,46.25,60,40.0
666,2,32,1,0,0,69.0,76,38.8333333333333
667,2,23,1,0,1,56.875,75,68.3333333333333
668,2,24,0,0,1,53.125,60,80.8333333333333
669,1,46,1,1,1,5.25,0,19.1666666666667
670,3,24,1,1,1,42.5,90,39.1666666666667
671,2,38,0,1,0,47.5,40,68.3333333333333
672,2,37,1,0,0,50.0,100,66.6666666666667
673,0,37,0,1,1,37.5,60,26.6666666666667
674,2,26,1,1,1,52.5,90,47.5
675,2,26,0,1,1,36.25,50,3.33333333333333
676,2,28,1,0,0,35.0,50,60.0
677,1,24,1,1,1,62.5,100,50.0
678,2,48,0,0,1,34.375,20,69.1666666666667
679,2,24,1,0,0,42.5,60,35.8333333333333
680,2,44,0,0,1,69.25,100,46.3333333333333
681,1,35,0,1,0,88.75,95,89.1666666666667
682,2,32,1,1,0,41.25,40,60.0
683,1,22,1,1,1,50.0,50,50.0
684,3,26,0,1,0,33.125,50,57.5
685,1,34,1,1,0,45.0,50,56.6666666666667
686,1,19,1,0,0,58.75,70,50.0
687,2,52,1,1,1,66.125,85,66.6666666666667
688,1,32,1,1,1,36.25,50,62.5
689,1,27,0,1,0,36.25,10,30.0
690,1,28,1,0,0,27.5,100,50.0
691,2,19,0,1,1,21.25,70,60.0
692,3,28,0,0,1,59.875,89,71.6666666666667
693,3,32,0,1,0,58.125,70,65.0
694,0,31,0,1,1,18.125,10,20.0
695,2,26,0,1,1,50.625,50,53.3333333333333
696,1,21,0,0,1,63.75,90,53.6666666666667
697,2,26,0,0,0,57.5,90,29.6666666666667
698,0,32,0,1,1,47.5,40,43.3333333333333
699,0,52,1,1,1,42.5,50,54.1666666666667
700,2,22,1,0,0,53.75,60,29.8333333333333
701,1,21,1,1,0,49.375,60,53.3333333333333
702,2,25,0,1,0,84.125,99,94.8333333333333
703,0,32,0,0,1,43.75,100,27.5
704,0,26,1,1,0,13.75,20,0.0
705,3,34,1,0,1,43.75,40,33.3333333333333
706,2,27,1,0,1,48.75,40,75.0
707,0,35,0,0,1,50.0,20,64.1666666666667
708,2,36,1,0,1,66.875,85,66.6666666666667
709,0,33,0,1,1,58.75,90,77.5
710,1,24,1,1,1,48.75,30,75.0
711,0,27,0,0,1,45.0,50,45.0
712,0,28,0,0,0,59.625,75,87.3333333333333
713,2,46,1,1,0,55.0,70,59.1666666666667
714,2,46,0,1,1,60.5,50,70.8333333333333
715,0,49,0,1,1,55.0,60,55.0
716,3,27,1,1,1,92.0,98,64.1666666666667
717,2,25,0,1,1,62.5,100,51.5
718,3,52,1,0,1,40.0,25,66.6666666666667
719,2,37,1,0,0,56.875,25,47.3333333333333
720,2,26,0,1,1,62.5,85,38.5
721,0,28,1,1,1,31.25,50,56.6666666666667
722,2,27,1,0,1,48.75,50,36.6666666666667
723,2,36,1,0,1,75.0,85,76.0
724,2,63,0,0,0,52.5,50,29.6666666666667
725,2,28,0,0,0,34.375,30,51.6666666666667
726,3,38,1,0,0,41.25,70,46.6666666666667
727,1,26,1,1,1,27.5,10,32.3333333333333
728,1,18,0,1,0,56.25,70,50.0
729,2,40,1,0,0,60.0,85,55.0
730,1,27,1,0,0,47.5,60,52.5
731,1,27,1,1,0,58.75,90,78.3333333333333
732,3,32,1,1,1,54.375,70,50.0
733,2,25,1,0,0,52.5,50,55.0
734,2,33,0,1,0,32.5,50,67.1666666666667
735,2,31,0,0,1,57.5,55,67.5
736,0,35,0,1,0,28.125,50,54.1666666666667
737,1,26,1,1,1,64.875,95,24.5
738,1,18,0,1,1,53.125,55,60.0
739,1,32,0,0,0,64.625,77,53.0
740,1,27,0,1,0,29.375,25,18.3333333333333
741,2,27,0,1,1,29.125,5,41.6666666666667
742,2,30,0,1,1,54.375,50,33.1666666666667
743,2,25,0,0,0,25.625,30,58.3333333333333
744,2,27,0,1,1,51.25,70,61.6666666666667
745,1,21,1,1,0,38.75,80,31.3333333333333
746,2,32,0,0,1,84.375,95,48.3333333333333
747,1,60,0,0,0,22.5,0,20.1666666666667
748,2,23,1,0,0,37.5,50,46.6666666666667
749,2,27,1,0,1,18.75,20,12.5
750,0,27,0,0,0,58.75,100,79.1666666666667
751,0,39,1,0,0,33.75,50,48.3333333333333
752,1,20,1,0,0,62.5,80,73.3333333333333
753,3,26,1,1,1,41.875,50,65.8333333333333
754,2,41,0,0,0,25.0,10,36.6666666666667
755,2,55,1,1,0,20.0,20,46.6666666666667
756,3,30,1,0,1,50.0,50,29.1666666666667
757,2,37,0,0,1,68.75,100,91.6666666666667
758,2,25,0,1,0,43.75,20,39.1666666666667
759,2,37,0,1,0,57.5,70,63.3333333333333
760,1,63,0,0,0,17.5,50,23.1666666666667
761,2,36,0,1,0,60.375,50,47.6666666666667
762,1,21,0,1,0,40.625,85,34.5
763,2,60,0,0,1,53.75,70,42.8333333333333
764,0,28,0,1,1,18.75,50,28.3333333333333
765,1,59,1,0,0,66.25,75,73.3333333333333
766,1,38,0,1,0,39.375,25,52.5
767,1,30,1,1,1,43.75,50,40.0
768,0,55,1,0,1,28.125,20,30.0
769,2,35,0,0,1,46.25,30,34.6666666666667
770,0,40,1,0,0,31.5,30,17.5
771,2,28,1,0,0,15.0,20,5.83333333333333
772,2,41,1,0,0,60.0,80,70.8333333333333
773,1,32,1,0,1,41.25,30,48.3333333333333
774,1,44,0,0,1,13.5,33,7.5
775,2,32,0,0,0,54.375,50,61.6666666666667
776,1,29,1,0,1,6.25,0,30.0
777,2,27,0,0,1,46.25,100,35.8333333333333
778,2,25,0,1,0,63.75,60,95.0
779,1,26,1,0,0,50.0,50,50.0
780,2,57,0,1,0,42.0,50,51.6666666666667
781,2,25,1,1,1,46.875,60,61.6666666666667
782,1,55,0,1,1,68.75,100,90.8333333333333
783,1,25,0,0,0,38.125,50,34.1666666666667
784,2,36,0,0,1,42.5,80,47.5
785,1,30,0,0,0,43.125,75,30.0
786,2,39,1,0,1,51.25,40,36.5
787,2,32,1,0,1,51.25,50,50.0
788,2,37,0,0,0,56.25,50,51.6666666666667
789,0,37,1,0,0,58.75,60,80.0
790,2,25,1,1,1,52.5,60,35.0
791,3,37,0,1,0,25.0,10,53.3333333333333
792,2,35,1,1,0,50.625,75,55.0
793,3,35,0,1,0,50.625,60,67.5
794,1,30,1,1,1,51.25,75,40.0
795,3,40,1,1,0,31.25,0,53.3333333333333
796,2,27,0,0,0,33.75,40,18.8333333333333
797,1,30,0,0,0,20.0,50,13.3333333333333
798,1,32,1,0,1,55.625,70,70.0
799,0,55,0,0,0,34.375,5,57.5
800,1,42,0,0,0,13.125,5,52.5
801,2,32,0,1,0,60.625,65,72.5
802,2,48,1,0,0,46.875,50,33.3333333333333
803,2,54,0,1,0,64.375,60,63.3333333333333
804,2,58,1,1,0,65.0,65,47.3333333333333
805,2,26,0,0,1,0.625,0,5.0
806,2,49,0,0,1,45.0,60,27.0
807,2,25,0,0,1,45.0,50,45.8333333333333
808,2,36,1,1,1,50.0,50,34.6666666666667
809,1,50,0,1,0,70.625,100,80.8333333333333
810,2,38,0,0,0,45.0,90,56.6666666666667
811,2,43,0,1,0,42.5,50,41.6666666666667
812,0,35,0,0,0,0.0,0,0.0
813,1,61,1,0,1,14.375,30,48.3333333333333
814,2,30,0,0,1,46.875,60,63.3333333333333
815,2,28,0,1,1,25.625,20,46.6666666666667
816,1,36,1,1,1,50.0,50,50.0
817,3,66,1,1,1,65.0,60,49.1666666666667
818,2,37,0,1,0,58.75,90,38.3333333333333
819,2,33,0,1,0,34.25,40,24.8333333333333
820,2,42,0,0,0,36.25,20,46.6666666666667
821,2,32,1,0,1,69.375,50,66.6666666666667
822,3,27,1,0,0,56.25,50,41.3333333333333
823,1,23,0,0,0,61.875,50,69.1666666666667
824,0,29,0,0,0,41.25,40,12.3333333333333
825,2,22,1,1,0,23.125,20,41.6666666666667
826,0,23,1,0,1,52.5,60,48.3333333333333
827,3,41,0,0,1,69.375,75,54.3333333333333
828,0,61,0,1,1,43.75,25,49.1666666666667
829,2,30,1,0,1,31.25,40,43.3333333333333
830,2,52,0,0,1,25.375,4,33.3333333333333
831,2,46,0,1,0,58.125,80,74.3333333333333
832,2,26,1,0,0,62.5,90,42.8333333333333
833,2,35,1,0,0,43.75,80,41.6666666666667
834,1,44,0,1,0,46.375,25,32.3333333333333
835,2,23,1,1,1,14.125,10,33.3333333333333
836,1,25,0,0,0,63.75,80,45.0
837,1,27,0,1,0,29.0,20,33.3333333333333
838,2,31,1,1,1,27.5,20,33.3333333333333
839,3,27,1,0,1,38.75,25,75.8333333333333
840,1,30,1,1,1,41.0,78,43.5
841,0,43,0,1,0,43.125,50,35.5
842,2,36,1,0,1,71.25,80,74.1666666666667
843,2,32,0,0,0,31.25,50,53.3333333333333
844,2,54,0,0,0,68.125,90,49.0
845,1,29,0,1,1,46.875,70,55.8333333333333
846,1,53,0,0,0,42.5,50,16.3333333333333
847,2,51,0,1,1,15.0,0,41.6666666666667
848,0,31,1,1,1,46.25,60,46.6666666666667
849,2,55,1,1,0,42.5,50,20.0
850,2,28,0,1,1,40.625,50,33.3333333333333
851,2,34,0,1,1,40.625,10,54.1666666666667
852,3,33,0,1,0,68.75,100,87.5
853,3,44,0,1,1,40.0,60,37.0
854,1,37,1,1,1,56.25,60,66.6666666666667
855,2,43,1,0,0,46.875,40,63.3333333333333
856,3,26,0,1,1,38.125,50,45.0
857,1,27,1,1,1,59.375,50,49.1666666666667
858,2,26,1,0,1,49.375,50,43.3333333333333
859,1,67,1,1,0,23.125,25,69.1666666666667
860,2,65,1,1,1,20.0,0,26.6666666666667
861,1,21,1,1,0,64.375,75,38.8333333333333
862,2,30,1,1,1,50.0,80,75.8333333333333
863,1,20,1,0,1,33.75,40,48.3333333333333
864,2,44,1,1,0,25.0,55,61.6666666666667
865,1,33,1,1,1,35.625,75,63.3333333333333
866,2,29,0,0,0,25.0,50,25.0
867,2,27,0,1,1,52.5,80,76.0
868,1,46,0,1,0,35.625,20,27.5
869,2,49,0,1,0,48.125,80,16.6666666666667
870,2,31,0,1,1,40.0,50,25.0
871,3,64,1,1,0,61.375,50,72.5
872,2,30,0,0,0,61.25,70,66.6666666666667
873,1,24,0,1,1,21.25,50,25.0
874,0,65,1,1,1,52.5,90,75.0
875,2,24,0,0,1,66.25,60,70.8333333333333
876,1,43,1,0,1,36.875,35,55.0
877,3,30,1,1,1,60.625,50,68.3333333333333
878,2,47,0,0,1,23.75,10,18.3333333333333
879,2,32,1,1,1,61.875,50,71.6666666666667
880,2,47,0,1,1,62.0,50,61.6666666666667
881,1,35,1,0,0,46.25,90,36.6666666666667
882,1,39,1,0,0,47.5,40,56.6666666666667
883,2,26,1,0,0,45.0,50,26.3333333333333
884,3,42,1,1,1,41.25,50,64.1666666666667
885,2,26,1,0,0,55.0,90,28.8333333333333
886,1,43,1,0,0,51.625,78,35.8333333333333
887,1,32,0,1,0,21.875,20,1.16666666666667
888,2,32,0,0,0,25.0,50,17.6666666666667
889,3,29,1,0,1,48.75,50,45.0
890,2,30,0,0,0,67.5,90,48.3333333333333
891,2,40,0,0,0,58.0,75,73.3333333333333
892,1,32,1,0,0,58.75,50,63.3333333333333
893,2,22,0,0,0,71.25,90,50.1666666666667
894,2,37,1,0,1,13.75,0,6.66666666666667
895,2,28,0,1,0,51.875,75,45.0
896,2,29,0,1,1,19.375,10,29.6666666666667
897,1,63,0,1,0,15.0,40,50.3333333333333
898,2,24,0,1,0,16.25,10,11.3333333333333
899,2,27,0,0,0,80.0,85,56.1666666666667
900,2,38,1,1,1,36.625,45,44.1666666666667
901,1,33,1,0,0,51.875,60,56.6666666666667
902,3,54,1,1,0,13.125,50,66.6666666666667
903,2,22,1,1,0,50.0,50,50.0
904,1,40,1,0,1,56.25,65,58.3333333333333
905,3,34,1,1,0,47.5,60,51.6666666666667
906,0,34,1,0,1,63.75,70,41.8333333333333
907,1,42,1,0,1,31.25,50,40.0
908,2,48,0,1,1,53.875,70,60.8333333333333
909,2,27,1,0,1,50.0,70,40.6666666666667
910,2,48,0,1,0,43.125,25,70.0
911,1,28,1,0,0,58.75,80,51.6666666666667
912,2,62,1,0,0,24.375,60,25.0
913,2,23,0,1,1,34.375,30,46.6666666666667
914,1,29,0,1,1,35.0,50,29.1666666666667
915,2,35,0,0,1,55.625,90,44.1666666666667
916,2,37,1,0,0,40.625,80,67.6666666666667
917,2,55,1,0,0,58.125,75,70.0
918,2,28,1,1,1,56.875,70,47.1666666666667
919,2,45,0,1,1,47.625,73,45.1666666666667
920,3,26,0,0,1,40.0,50,15.0
921,3,65,0,1,0,49.375,75,47.1666666666667
922,0,21,0,0,1,48.125,40,56.6666666666667
923,3,46,0,1,1,23.125,0,46.6666666666667
924,2,27,1,1,0,73.75,100,49.1666666666667
925,2,40,1,0,0,41.25,0,60.8333333333333
926,1,27,0,0,1,67.5,55,44.1666666666667
927,2,59,1,1,0,41.25,50,51.6666666666667
928,1,29,1,0,0,55.0,70,41.3333333333333
929,2,40,1,0,1,50.0,50,50.8333333333333
930,0,58,1,0,0,43.125,10,60.8333333333333
931,1,21,0,0,1,59.875,76,83.0
932,3,45,1,0,1,53.75,70,68.3333333333333
933,1,43,1,1,0,65.0,50,63.3333333333333
934,2,67,1,1,1,56.25,50,78.3333333333333
935,2,51,1,1,1,26.875,0,66.6666666666667
936,3,34,0,0,1,77.625,90,83.3333333333333
937,1,33,0,0,1,21.375,1,65.0
938,3,38,1,1,0,38.75,40,51.6666666666667
939,2,29,1,1,1,59.375,75,83.3333333333333
940,1,52,0,0,0,64.375,75,75.8333333333333
941,2,56,1,1,0,37.5,50,20.6666666666667
942,1,53,1,0,0,43.75,60,66.6666666666667
943,1,43,1,1,0,25.0,15,20.8333333333333
944,2,58,0,0,0,63.75,50,48.3333333333333
945,2,36,1,0,0,41.25,60,45.0
946,2,61,1,1,1,10.0,0,63.3333333333333
947,2,31,1,1,0,59.375,50,65.8333333333333
948,2,59,1,0,1,57.5,80,65.8333333333333
949,1,21,1,0,0,45.0,40,14.1666666666667
950,0,52,1,0,0,31.25,20,30.0
951,1,56,1,0,0,40.0,25,71.6666666666667
952,3,29,0,0,1,67.875,70,52.5
953,2,30,1,0,1,48.75,50,55.8333333333333
954,3,67,1,0,1,61.0,75,61.1666666666667
955,2,65,1,1,1,58.25,75,30.0
956,2,33,0,1,1,51.25,50,66.6666666666667
957,1,23,1,0,1,52.5,50,36.6666666666667
958,2,31,0,0,1,28.125,40,42.5
959,2,28,0,0,1,15.0,10,25.8333333333333
960,1,29,1,1,0,61.25,60,81.6666666666667
961,2,32,0,0,1,50.625,50,28.1666666666667
962,2,45,1,0,0,55.0,60,43.6666666666667
963,2,53,0,1,1,38.75,50,34.1666666666667
964,2,57,1,0,0,47.5,30,24.6666666666667
965,1,28,1,1,1,22.5,60,48.3333333333333
966,3,26,0,1,1,42.5,50,16.1666666666667
967,1,42,0,1,1,28.125,75,33.3333333333333
968,2,35,0,1,0,31.25,35,56.0
969,1,51,1,1,1,45.625,50,37.1666666666667
970,1,47,0,1,1,55.0,75,55.1666666666667
971,2,38,1,1,1,43.125,50,26.6666666666667
972,2,57,1,0,0,55.0,60,39.5
973,2,33,1,0,1,43.0,30,36.6666666666667
974,1,29,1,0,1,21.125,30,37.5
975,0,28,0,1,1,57.5,0,46.0
976,1,54,0,1,1,66.875,75,45.0
977,0,51,1,1,0,68.125,75,70.0
978,2,25,0,1,1,54.25,90,23.6666666666667
979,1,19,1,0,0,61.875,70,66.6666666666667
980,0,37,1,0,1,35.0,30,10.6666666666667
981,1,45,1,1,0,46.875,20,51.8333333333333
982,2,36,0,1,0,43.875,33,41.0
983,3,38,1,0,0,53.125,50,66.6666666666667
984,2,37,1,1,1,43.75,30,58.3333333333333
985,2,44,1,0,0,42.5,70,36.6666666666667
986,2,32,0,0,0,0.0,0,25.0
987,2,55,0,1,0,12.5,10,69.1666666666667
988,2,33,1,1,1,49.375,40,48.3333333333333
989,2,34,0,0,1,32.5,50,65.0
990,2,24,0,0,1,48.75,60,33.3333333333333
991,1,49,1,0,0,28.75,50,50.8333333333333
992,2,64,0,0,0,50.0,80,63.3333333333333
993,1,34,1,0,1,69.375,90,9.5
994,3,35,1,1,1,23.75,50,39.1666666666667
995,2,25,0,1,0,18.75,0,49.1666666666667
996,2,33,1,1,0,51.875,50,68.3333333333333
997,1,35,0,0,1,55.0,100,52.3333333333333
998,3,30,0,1,1,63.75,60,71.8333333333333
999,2,38,1,0,0,50.0,80,58.3333333333333
1000,1,23,1,1,0,56.25,75,40.3333333333333
1001,2,41,0,0,0,96.0,99,96.6666666666667
1002,3,67,1,0,0,43.75,50,34.3333333333333
1003,3,33,1,0,1,66.25,60,67.5
1004,1,20,1,0,0,58.75,50,61.6666666666667
1005,2,45,0,0,0,28.125,25,40.8333333333333
1006,2,51,0,0,1,18.75,0,9.83333333333333
1007,2,68,1,1,1,20.0,20,30.0
1008,2,36,0,1,0,48.75,50,56.6666666666667
1009,1,40,1,0,0,8.75,20,6.66666666666667
1010,2,55,0,1,1,18.75,0,37.5
1011,3,63,1,1,0,51.25,40,75.0
1012,1,32,1,0,1,8.75,0,13.0
1013,2,34,1,1,1,54.375,90,51.6666666666667
1014,3,30,1,1,1,44.625,28,51.6666666666667
1015,1,30,0,0,0,36.25,30,62.5
1016,2,21,0,1,1,42.5,50,66.6666666666667
1017,3,72,0,0,0,53.75,50,57.5
1018,0,18,0,1,1,52.5,80,55.0
1019,3,52,1,0,1,58.125,100,60.5
1020,1,32,0,1,1,41.25,60,23.3333333333333
1021,2,35,0,0,0,30.625,50,8.83333333333333
1022,0,44,1,1,0,31.25,20,60.0
1023,2,38,0,1,1,45.0,70,32.3333333333333
1024,0,49,0,1,0,35.0,60,20.0
1025,2,49,1,0,1,51.5,20,58.1666666666667
1026,1,50,0,0,0,45.0,50,33.5
1027,3,25,0,1,1,41.25,50,53.3333333333333
1028,2,28,0,0,1,15.625,0,50.0
1029,2,27,0,1,1,62.5,90,44.3333333333333
1030,3,30,1,0,1,58.75,50,70.0
1031,0,21,0,1,0,60.0,60,55.0
1032,1,35,1,1,1,42.5,50,44.1666666666667
1033,0,33,0,0,1,45.0,50,29.3333333333333
1034,2,43,1,0,0,54.375,50,42.3333333333333
1035,1,27,1,0,0,56.25,50,50.0
1036,0,45,1,0,0,45.0,60,50.0
1037,2,32,1,0,1,32.75,25,54.1666666666667
1038,0,42,0,1,1,35.625,50,31.6666666666667
1039,2,23,1,0,1,58.125,75,77.5
1040,3,29,1,0,1,58.125,80,31.6666666666667
1041,3,39,1,0,0,30.625,10,18.3333333333333
1042,2,33,0,1,0,0.0,0,33.3333333333333
1043,3,38,1,0,0,40.0,40,69.1666666666667
1044,3,45,1,0,1,36.25,10,58.3333333333333
1045,1,37,0,1,0,12.5,0,15.1666666666667
1046,2,30,0,1,0,38.75,50,57.5
1047,1,30,1,0,0,58.625,87,13.8333333333333
1048,2,43,0,1,0,31.25,10,24.1666666666667
1049,2,70,0,1,1,43.75,20,55.8333333333333
1050,2,65,0,0,0,43.75,50,31.6666666666667
1051,2,34,1,1,1,11.875,20,25.5
1052,2,40,0,1,0,32.5,25,63.3333333333333
1053,1,29,1,0,1,34.375,30,33.3333333333333
1054,2,67,1,0,0,43.125,50,29.8333333333333
1055,0,40,0,1,0,41.25,40,32.8333333333333
1056,0,24,0,1,0,46.25,50,31.6666666666667
1057,2,59,0,1,0,44.375,80,48.6666666666667
1058,2,32,0,0,0,28.75,50,68.3333333333333
1059,0,46,1,0,0,57.5,70,60.0
1060,1,36,1,0,1,15.0,5,30.0
1061,0,44,0,1,0,66.25,80,51.0
1062,1,40,0,1,1,46.25,30,58.3333333333333
1063,1,73,0,0,0,44.375,30,51.6666666666667
1064,2,22,1,1,1,51.25,80,35.0
1065,2,41,0,1,0,60.0,80,61.6666666666667
1066,2,29,0,1,0,25.0,30,3.33333333333333
1067,3,37,0,0,1,35.625,40,33.3333333333333
1068,2,37,0,1,1,50.625,90,70.0
1069,3,32,1,1,1,30.0,25,38.3333333333333
1070,2,31,0,0,0,7.5,20,0.0
1071,1,29,1,1,1,55.0,50,56.6666666666667
1072,1,19,1,1,0,36.875,75,66.6666666666667
1073,3,30,1,1,0,45.0,30,22.5
1074,0,40,1,1,1,27.5,60,70.8333333333333
1075,1,27,0,0,0,35.0,50,42.5
1076,1,22,1,0,1,37.5,50,20.8333333333333
1077,3,37,0,0,1,50.0,20,60.0
1078,1,38,1,0,1,0.0,0,0.0
1079,2,26,0,1,1,38.125,20,54.1666666666667
1080,1,31,0,0,1,47.5,50,26.6666666666667
1081,2,27,0,1,1,43.75,50,51.6666666666667
1082,2,65,1,0,0,61.25,80,83.3333333333333
1083,0,26,1,1,0,43.75,40,55.0
1084,2,33,0,0,1,48.75,70,60.0
1085,3,53,1,1,0,44.375,60,36.6666666666667
1086,2,29,0,1,1,15.625,0,8.33333333333333
1087,2,42,1,1,1,53.75,70,44.0
1088,1,38,1,1,1,31.25,70,21.6666666666667
1089,1,27,1,0,0,37.5,20,40.8333333333333
1090,2,41,0,1,1,41.25,50,67.5
1091,2,24,1,1,0,45.0,50,56.6666666666667
1092,1,45,1,1,0,6.25,0,2.33333333333333
1093,2,28,1,0,1,43.75,50,53.3333333333333
1094,2,36,0,0,1,47.5,70,47.6666666666667
1095,2,57,0,1,0,26.25,50,35.0
1096,2,35,1,0,1,35.0,50,45.0
1097,2,52,0,1,0,44.875,50,70.3333333333333
1098,3,32,0,0,0,28.75,40,21.3333333333333
1099,2,32,0,1,0,43.75,50,44.1666666666667
1100,2,57,1,0,1,52.5,50,36.3333333333333
1101,0,34,0,1,1,54.375,60,45.8333333333333
1102,2,30,1,0,0,86.25,80,75.0
1103,2,23,0,1,0,44.375,45,49.1666666666667
1104,2,48,0,1,1,41.25,50,23.8333333333333
1105,2,27,0,0,0,22.5,50,46.6666666666667
1106,2,26,0,0,1,47.5,50,73.1666666666667
1107,2,33,0,0,0,24.375,20,38.8333333333333
1108,0,49,1,0,1,56.25,50,61.6666666666667
1109,2,33,1,1,1,42.5,80,66.6666666666667
1110,2,68,1,0,0,63.75,99,69.3333333333333
1111,3,42,1,1,1,52.5,60,57.5
1112,2,31,0,1,1,16.875,25,0.0
1113,2,33,1,1,1,42.5,50,25.0
1114,3,33,1,0,1,48.125,75,51.6666666666667
1115,3,58,0,0,1,58.75,80,38.1666666666667
1116,2,61,0,0,1,50.0,50,50.0
1117,2,57,0,1,1,45.0,50,24.3333333333333
1118,3,55,1,0,1,40.0,80,12.8333333333333
1119,1,35,0,1,0,40.0,40,46.6666666666667
1120,3,55,0,1,0,23.75,5,12.0
1121,2,21,1,0,0,8.75,10,9.66666666666667
1122,2,26,1,1,0,43.125,70,53.3333333333333
1123,2,57,1,0,0,56.875,70,55.0
1124,2,22,1,1,0,68.75,100,55.0
1125,1,32,1,1,0,41.25,20,69.8333333333333
1126,1,48,0,1,0,56.875,70,59.1666666666667
1127,2,43,0,1,0,36.25,75,60.8333333333333
1128,3,47,1,0,0,62.5,80,66.6666666666667
1129,2,60,1,0,0,57.5,80,68.3333333333333
1130,0,36,1,1,0,49.375,85,56.3333333333333
1131,1,57,1,1,1,66.25,90,47.5
1132,2,50,1,1,0,40.625,10,19.0
1133,2,34,0,0,0,47.5,50,40.3333333333333
1134,1,27,0,1,1,43.125,55,56.6666666666667
1135,2,25,0,1,0,100.0,100,100.0
1136,1,27,1,1,1,33.75,50,18.3333333333333
1137,2,23,0,1,0,14.375,5,24.1666666666667
1138,2,34,1,0,1,23.75,20,10.3333333333333
1139,2,53,0,0,1,36.25,70,30.0
1140,3,62,0,1,0,59.375,75,67.5
1141,2,53,1,0,0,18.75,0,31.6666666666667
1142,2,69,1,0,0,24.0,2,49.1666666666667
1143,1,31,0,1,0,28.75,30,38.3333333333333
1144,2,36,1,1,1,37.5,10,76.6666666666667
1145,1,44,1,0,1,50.0,90,45.0
1146,1,48,1,0,1,60.0,75,56.6666666666667
1147,1,26,0,1,1,32.5,65,30.8333333333333
1148,0,21,1,0,0,47.5,50,70.0
1149,3,42,0,1,0,60.125,76,84.1666666666667
1150,1,32,0,1,0,16.25,20,37.5
1151,0,36,1,0,1,61.25,75,52.5
1152,2,34,1,0,1,55.625,80,51.6666666666667
1153,2,46,1,1,0,46.25,50,50.0
1154,2,34,1,0,0,33.75,30,73.3333333333333
1155,1,30,0,1,0,26.625,20,31.0
1156,3,29,1,1,0,48.75,70,16.6666666666667
1157,2,36,1,0,0,56.875,60,43.3333333333333
1158,3,43,0,1,1,20.625,50,55.0
1159,2,25,1,1,1,53.75,50,71.6666666666667
1160,2,41,1,1,1,40.625,30,39.1666666666667
1161,2,43,0,0,0,45.0,60,40.0
1162,1,29,1,1,0,22.5,10,35.0
1163,1,31,0,1,0,23.75,10,23.1666666666667
1164,2,29,1,0,0,36.25,50,53.3333333333333
1165,1,21,0,1,0,47.5,70,40.0
1166,2,32,1,1,0,69.5,98,64.1666666666667
1167,3,48,0,0,0,48.625,75,45.5
1168,3,30,1,0,1,65.625,85,45.0
1169,1,61,1,1,0,41.875,50,40.8333333333333
1170,3,30,0,0,1,59.375,75,45.6666666666667
1171,2,25,0,0,0,50.0,50,50.0
1172,2,26,1,0,0,40.0,50,42.5
1173,3,30,1,0,0,63.125,70,43.3333333333333
1174,2,38,0,1,0,32.875,65,48.6666666666667
1175,1,37,1,1,1,1.375,5,1.0
1176,2,34,1,0,1,38.75,50,50.0
1177,3,41,1,1,0,25.0,45,37.0
1178,3,32,1,0,1,38.75,50,38.3333333333333
1179,1,57,1,0,0,32.5,50,21.0
1180,3,36,1,1,1,21.25,20,40.8333333333333
1181,1,31,1,1,0,43.75,60,30.0
1182,3,33,1,1,1,32.5,0,61.6666666666667
1183,2,36,0,1,1,34.375,50,38.3333333333333
1184,2,33,1,0,0,61.875,90,55.3333333333333
1185,2,22,1,0,0,50.0,100,50.3333333333333
1186,0,37,0,0,1,55.0,50,60.0
1187,2,63,1,0,1,30.0,30,18.1666666666667
1188,2,26,1,1,0,62.5,50,42.0
1189,2,66,1,0,1,9.375,0,6.0
1190,1,66,0,1,0,57.5,60,55.0
1191,2,25,1,1,0,41.25,80,55.0
1192,3,62,1,0,0,58.75,80,79.1666666666667
1193,1,25,0,0,0,57.5,80,33.3333333333333
1194,1,27,0,1,0,22.5,10,25.8333333333333
1195,2,32,0,1,0,41.5,50,20.3333333333333
1196,2,31,1,1,0,62.875,99,99.1666666666667
1197,2,30,1,1,0,72.5,90,66.6666666666667
1198,2,74,1,1,1,60.0,100,71.6666666666667
1199,3,32,0,1,1,67.375,99,58.3333333333333
1200,2,30,0,0,0,62.5,70,60.8333333333333
1201,1,60,1,0,0,10.625,50,20.8333333333333
1202,2,31,1,0,0,63.75,70,79.1666666666667
1203,1,63,0,1,0,43.75,70,60.0
1204,1,38,1,1,0,47.375,90,43.3333333333333
1205,2,53,0,0,1,50.125,64,61.8333333333333
1206,2,57,1,1,1,16.25,10,55.8333333333333
1207,2,29,0,0,1,50.0,50,50.0
1208,2,32,1,0,0,58.75,60,65.8333333333333
1209,2,29,1,1,0,63.125,85,84.1666666666667
1210,2,43,1,0,1,70.0,70,74.1666666666667
1211,1,42,1,0,0,59.375,70,57.5
1212,2,23,1,1,0,67.5,70,25.3333333333333
1213,2,52,1,1,0,61.25,80,60.0
1214,2,45,0,1,1,51.875,50,58.3333333333333
1215,1,51,0,1,1,46.25,40,38.3333333333333
1216,1,38,0,0,1,56.25,90,31.0
1217,1,21,1,1,1,48.75,50,45.0
1218,2,21,1,1,0,11.25,0,1.66666666666667
1219,1,30,0,1,1,26.875,40,36.6666666666667
1220,2,34,1,1,0,56.25,50,63.3333333333333
1221,1,46,1,0,1,53.125,50,47.5
1222,1,18,0,1,0,45.0,50,53.3333333333333
1223,1,42,0,0,1,58.75,60,57.5
1224,2,31,0,1,1,37.5,10,38.6666666666667
1225,2,50,0,1,0,33.125,70,26.5
1226,2,31,0,0,0,31.25,0,58.3333333333333
1227,2,35,1,1,1,10.0,15,49.1666666666667
1228,1,36,1,0,0,59.375,75,60.0
1229,1,31,0,1,1,20.375,70,44.3333333333333
1230,2,35,0,0,0,31.25,50,64.1666666666667
1231,2,41,1,0,1,53.75,85,71.6666666666667
1232,3,32,1,0,0,18.75,50,45.0
1233,2,23,0,1,1,60.0,50,44.5
1234,2,41,0,0,0,43.125,90,47.1666666666667
1235,2,27,1,0,0,60.0,80,30.0
1236,2,31,0,1,0,42.5,50,79.1666666666667
1237,2,41,1,1,1,52.5,50,68.3333333333333
1238,3,31,0,0,1,53.0,25,47.6666666666667
1239,1,32,1,1,1,51.25,60,43.3333333333333
1240,2,29,0,1,0,20.0,45,32.6666666666667
1241,0,55,1,1,1,65.25,90,69.5
1242,0,26,0,0,1,59.375,100,59.1666666666667
1243,3,32,1,1,0,32.5,50,45.8333333333333
1244,1,33,0,1,1,30.0,10,18.3333333333333
1245,1,39,1,1,1,46.25,50,53.3333333333333
1246,3,35,0,1,0,45.0,50,73.3333333333333
1247,2,41,1,1,0,51.25,90,81.6666666666667
1248,3,33,1,0,1,64.375,50,61.6666666666667
1249,2,35,1,0,0,43.75,50,19.1666666666667
1250,1,22,0,1,1,58.125,45,70.8333333333333
1251,2,36,0,0,1,44.375,10,36.8333333333333
1252,1,23,0,0,0,47.5,30,30.3333333333333
1253,1,33,1,1,1,25.625,40,36.6666666666667
1254,2,47,0,0,0,50.625,65,65.8333333333333
1255,0,25,0,0,1,18.125,20,43.3333333333333
1256,2,58,1,1,1,33.75,50,50.0
1257,2,27,0,0,1,46.875,50,42.8333333333333
1258,0,45,0,0,0,24.375,10,3.5
1259,2,34,0,0,0,61.625,75,48.8333333333333
1260,2,25,0,1,1,38.75,30,21.3333333333333
1261,1,38,0,0,1,41.25,20,68.3333333333333
1262,1,35,0,0,1,13.75,0,23.3333333333333
1263,2,55,1,1,1,54.375,50,70.0
1264,3,48,1,0,0,38.75,80,31.6666666666667
1265,2,36,1,1,1,40.0,50,45.0
1266,2,26,1,1,0,58.5,70,55.8333333333333
1267,3,37,1,1,1,49.375,25,49.6666666666667
1268,2,48,1,1,0,37.5,50,31.1666666666667
1269,1,45,0,1,1,40.625,50,33.3333333333333
1270,1,20,1,0,0,30.0,20,63.3333333333333
1271,3,29,0,0,1,12.5,0,25.0
1272,2,46,1,0,0,38.125,0,35.0
1273,2,37,1,0,0,61.25,80,48.0
1274,2,38,0,1,0,77.5,80,70.0
1275,2,38,0,0,0,58.75,75,68.3333333333333
1276,0,24,1,1,1,51.25,90,75.8333333333333
1277,3,37,1,1,0,50.0,50,53.3333333333333
1278,2,31,1,1,1,40.0,40,16.5
1279,2,26,1,0,1,45.0,50,38.3333333333333
1280,0,65,1,0,1,6.25,0,39.1666666666667
1281,1,27,0,0,1,47.5,50,59.1666666666667
1282,2,62,1,0,1,58.75,75,56.6666666666667
1283,2,54,1,0,1,6.25,5,7.0
1284,1,42,1,1,1,27.5,20,66.6666666666667
1285,0,28,1,0,1,9.375,0,14.1666666666667
1286,1,47,1,0,0,68.75,50,32.3333333333333
1287,2,70,0,0,0,17.875,30,9.83333333333333
1288,2,29,1,1,0,31.25,50,36.6666666666667
1289,3,40,1,1,0,68.75,80,77.5
1290,2,37,1,1,0,41.25,50,45.0
1291,3,31,0,1,1,4.375,0,5.0
1292,2,30,1,1,1,27.5,0,21.6666666666667
1293,2,31,1,0,0,41.25,75,34.1666666666667
1294,1,45,1,0,1,45.0,85,35.0
1295,2,38,1,0,0,51.875,60,57.5
1296,1,24,1,0,1,31.25,0,25.8333333333333
1297,2,40,0,0,1,73.125,100,78.0
1298,2,42,1,0,1,46.875,50,60.0
1299,3,33,0,1,1,60.625,75,59.1666666666667
1300,2,43,1,1,1,51.875,75,44.1666666666667
1301,3,47,0,0,0,37.5,60,25.0
1302,2,26,1,1,1,46.875,80,62.0
1303,2,63,1,1,1,30.625,45,54.6666666666667
1304,2,58,1,0,0,48.75,20,33.3333333333333
1305,2,31,1,0,0,40.625,50,33.3333333333333
1306,3,29,0,1,0,28.375,12,20.1666666666667
1307,2,24,1,1,1,25.625,20,4.16666666666667
1308,2,59,1,0,0,53.75,80,43.3333333333333
1309,2,57,1,1,1,26.875,30,40.8333333333333
1310,2,35,0,0,0,37.5,3,51.3333333333333
1311,2,46,0,1,1,50.0,50,50.0
1312,2,30,1,0,1,55.0,80,69.1666666666667
1313,2,35,0,0,1,13.75,25,5.0
1314,3,33,0,1,0,52.5,70,45.0
1315,2,53,1,0,0,7.5,0,31.6666666666667
1316,2,56,1,1,0,68.75,90,80.0
1317,1,26,1,0,0,47.5,60,38.3333333333333
1318,2,32,1,1,1,30.625,20,50.0
1319,3,36,1,0,0,42.5,80,41.6666666666667
1320,2,23,0,0,0,27.5,50,76.6666666666667
1321,3,40,1,1,1,15.375,20,33.3333333333333
1322,0,48,0,1,0,40.0,20,41.0
1323,1,23,1,0,0,49.375,75,54.1666666666667
1324,2,28,0,0,0,40.0,25,54.1666666666667
1325,2,51,1,0,0,38.75,60,40.5
1326,1,61,1,1,1,27.5,25,37.5
1327,3,33,0,1,1,44.375,30,48.3333333333333
1328,3,45,1,0,0,28.75,10,28.6666666666667
1329,3,58,0,0,1,35.625,50,38.6666666666667
1330,2,39,0,1,1,41.875,50,48.3333333333333
1331,3,42,1,0,0,48.75,50,38.3333333333333
1332,3,57,1,0,0,47.75,20,73.3333333333333
1333,0,48,0,0,1,56.25,100,59.1666666666667
1334,1,28,0,1,1,53.75,80,44.1666666666667
1335,3,29,0,0,1,45.0,50,53.3333333333333
1336,1,34,1,0,1,46.875,45,42.5
1337,3,36,0,0,0,51.875,75,70.8333333333333
1338,3,29,0,0,0,6.25,0,50.0
1339,3,36,0,0,1,71.25,100,63.3333333333333
1340,3,44,1,0,1,6.25,0,16.6666666666667
1341,2,41,0,0,0,40.0,69,63.5
1342,3,66,0,1,0,53.75,80,70.0
1343,2,24,1,0,0,35.0,40,39.6666666666667
1344,2,33,0,1,1,30.0,30,41.6666666666667
1345,2,26,0,0,0,37.5,25,14.1666666666667
1346,3,43,0,1,0,61.25,60,43.3333333333333
1347,2,35,0,1,1,81.25,100,83.3333333333333
1348,2,55,1,0,1,29.375,20,11.1666666666667
1349,1,38,0,0,0,56.5,50,88.3333333333333
1350,2,34,0,0,0,51.25,60,33.8333333333333
1351,1,63,1,0,1,57.5,70,55.8333333333333
1352,2,22,1,1,0,56.25,60,29.0
1353,2,42,1,1,0,51.25,50,66.3333333333333
1354,2,47,0,1,0,11.875,10,14.1666666666667
1355,2,51,1,0,0,30.0,0,32.8333333333333
1356,1,51,0,0,0,50.0,50,63.3333333333333
1357,1,22,0,0,1,44.375,75,76.6666666666667
1358,2,35,1,1,1,35.0,50,48.3333333333333
1359,2,34,0,1,0,40.0,50,33.3333333333333
1360,1,38,1,1,0,50.25,75,37.0
1361,1,34,1,0,0,27.5,30,31.6666666666667
1362,0,47,1,0,0,45.625,100,61.6666666666667
1363,2,38,0,1,0,34.375,50,47.5
1364,2,35,1,1,0,60.0,90,33.5
1365,1,34,1,1,1,43.75,85,40.8333333333333
1366,0,53,1,1,1,51.625,60,71.6666666666667
1367,1,40,0,0,1,33.75,80,66.6666666666667
1368,2,30,0,0,0,40.0,90,13.8333333333333
1369,2,27,0,0,0,70.0,100,34.1666666666667
1370,2,67,1,0,1,64.375,50,49.1666666666667
1371,1,68,0,0,0,34.375,30,40.0
1372,2,42,1,0,1,50.0,50,32.8333333333333
1373,2,37,0,1,0,50.625,60,49.1666666666667
1374,3,39,0,1,0,56.875,80,58.3333333333333
1375,1,34,0,1,1,25.0,0,16.6666666666667
1376,2,28,1,0,0,63.75,50,75.0
1377,2,35,1,0,0,37.5,70,71.6666666666667
1378,1,57,1,0,1,59.375,75,35.0
1379,1,32,0,1,0,50.0,50,33.6666666666667
1380,3,29,0,0,1,58.75,70,62.5
1381,3,29,0,0,0,55.625,50,73.3333333333333
1382,1,24,1,0,0,36.625,25,57.5
1383,3,30,0,1,1,31.25,40,46.6666666666667
1384,3,33,1,0,0,8.75,10,3.5
1385,1,44,1,0,0,40.0,40,33.8333333333333
1386,2,27,0,0,1,43.75,50,8.33333333333333
1387,2,35,1,1,0,41.875,50,8.33333333333333
1388,2,37,0,1,0,25.0,0,73.3333333333333
1389,3,33,0,0,1,18.75,30,63.5
1390,3,70,1,0,1,29.375,30,40.0
1391,2,30,0,1,0,66.875,65,58.6666666666667
1392,0,55,1,0,1,15.625,0,25.8333333333333
1393,2,27,1,0,0,33.125,60,28.3333333333333
1394,3,63,1,1,0,23.75,10,47.5
1395,1,59,1,1,1,23.5,15,25.6666666666667
1396,1,27,0,0,0,43.75,50,45.8333333333333
1397,0,57,1,1,1,46.25,50,64.1666666666667
1398,1,29,0,1,1,40.5,50,51.6666666666667
1399,1,23,0,0,0,41.875,50,24.8333333333333
1400,2,24,0,1,0,33.125,70,28.3333333333333
1401,2,22,0,0,1,45.0,50,41.6666666666667
1402,3,49,1,0,1,61.25,70,50.3333333333333
1403,2,27,1,0,0,63.75,80,75.0
1404,1,38,0,0,0,38.75,25,80.0
1405,2,40,0,0,1,36.875,40,66.6666666666667
1406,2,23,1,0,0,40.0,50,58.3333333333333
1407,2,22,0,1,0,45.0,50,24.0
1408,0,41,1,1,1,62.5,50,50.0
1409,2,34,1,1,1,43.75,50,66.6666666666667
1410,1,26,1,1,0,18.75,25,17.3333333333333
1411,1,59,1,0,0,3.125,0,30.3333333333333
1412,2,36,0,0,0,30.0,70,10.0
1413,2,61,1,0,1,48.125,20,69.1666666666667
1414,0,35,1,0,0,59.375,70,66.6666666666667
1415,1,35,1,1,0,26.25,40,50.8333333333333
1416,1,36,1,1,0,60.625,70,42.1666666666667
1417,2,28,1,0,0,65.625,70,39.1666666666667
1418,1,21,1,0,1,60.625,60,66.6666666666667
1419,2,25,1,1,0,56.25,50,32.3333333333333
1420,2,46,1,1,1,47.5,60,56.6666666666667
1421,2,41,0,0,0,60.0,85,44.1666666666667
1422,1,28,0,1,0,62.5,100,25.0
1423,1,23,0,1,1,32.5,40,58.3333333333333
1424,2,30,0,0,0,52.5,60,57.5
1425,3,56,0,1,0,52.5,50,43.3333333333333
1426,2,26,1,1,1,37.5,50,26.5
1427,2,31,1,1,0,12.5,0,41.6666666666667
1428,2,39,1,0,1,48.125,40,48.3333333333333
1429,2,41,1,1,1,63.75,75,73.3333333333333
1430,3,30,1,0,0,60.0,95,49.1666666666667
1431,1,42,0,0,0,54.375,75,64.1666666666667
1432,3,32,0,1,1,38.75,50,35.0
1433,2,29,0,0,0,53.75,70,45.0
1434,2,41,0,1,0,35.0,55,59.1666666666667
1435,1,55,0,0,0,33.875,41,51.0
1436,2,35,1,1,0,55.625,50,67.5
1437,2,23,0,1,1,17.25,65,19.3333333333333
1438,2,43,1,0,1,65.625,90,58.3333333333333
1439,2,57,0,0,0,14.625,10,53.3333333333333
1440,2,22,0,1,0,74.375,90,60.0
1441,3,69,0,1,0,58.75,60,63.5
1442,3,37,0,1,0,49.375,90,26.6666666666667
1443,2,53,1,0,1,57.5,65,54.1666666666667
1444,2,36,1,1,1,45.625,50,52.5
1445,2,30,1,0,0,51.25,50,46.6666666666667
1446,2,39,0,0,1,36.875,60,39.1666666666667
1447,1,39,1,1,1,25.0,5,50.0
1448,1,20,1,0,1,20.0,30,3.33333333333333
1449,2,50,1,0,1,38.75,80,29.6666666666667
1450,2,37,1,1,0,41.875,35,40.0
1451,1,44,1,0,1,30.0,60,43.3333333333333
1452,1,35,1,0,0,55.0,75,64.1666666666667
1453,2,49,0,1,1,41.25,80,55.0
1454,2,42,1,0,1,44.375,50,53.3333333333333
1455,1,48,1,0,1,58.75,75,32.6666666666667
1456,2,39,1,1,1,43.125,50,36.6666666666667
1457,1,28,1,1,1,36.25,50,65.0
1458,2,25,1,1,1,66.25,70,76.6666666666667
1459,2,33,0,1,1,35.0,50,51.6666666666667
1460,2,35,0,1,1,36.25,50,10.0
1461,1,23,1,0,0,49.375,80,45.0
1462,0,43,0,0,0,21.25,40,30.0
1463,2,43,0,1,0,71.25,90,53.3333333333333
1464,2,56,1,0,0,21.25,25,47.5
1465,2,54,0,0,0,65.0,90,49.8333333333333
1466,3,37,0,1,1,71.0,76,88.5
1467,2,37,1,1,0,30.625,0,79.1666666666667
1468,1,62,0,1,0,48.75,60,29.8333333333333
1469,0,60,1,0,1,47.5,50,67.5
1470,0,33,0,0,0,60.625,75,74.1666666666667
1471,2,42,0,0,0,48.125,70,65.0
1472,0,41,1,1,1,61.875,90,49.1666666666667
1473,1,30,1,1,1,21.875,25,43.3333333333333
1474,1,22,0,1,1,33.75,90,15.0
1475,2,22,0,1,1,35.0,25,48.3333333333333
1476,2,23,0,1,1,26.625,30,21.5
1477,1,27,0,0,0,25.0,40,11.6666666666667
1478,1,31,1,0,1,31.25,25,22.5
1479,1,64,0,1,0,57.5,75,63.3333333333333
1480,2,30,1,1,0,11.25,0,53.3333333333333
1481,0,48,1,0,0,41.875,50,74.1666666666667
1482,2,35,1,0,1,63.75,80,45.8333333333333
1483,3,38,1,1,1,20.625,5,68.3333333333333
1484,2,31,0,1,0,20.0,50,9.16666666666667
1485,2,21,1,0,1,42.5,75,12.5
1486,2,35,1,1,1,57.5,100,76.6666666666667
1487,3,34,0,1,1,46.25,50,46.6666666666667
1488,1,57,1,1,0,49.375,50,60.0
1489,3,31,1,1,0,41.25,45,57.5
1490,2,42,0,0,0,45.0,75,46.6666666666667
1491,2,58,0,0,0,56.875,75,42.6666666666667
1492,2,48,1,1,0,48.125,90,49.0
1493,1,35,0,0,1,52.5,85,62.5
1494,0,61,1,1,1,28.75,80,74.1666666666667
1495,0,36,0,0,0,12.5,0,25.0
1496,3,37,1,1,0,43.75,50,62.5
1497,2,63,1,0,0,44.5,50,55.8333333333333
1498,2,64,1,1,0,58.125,50,71.6666666666667
1499,2,40,0,0,0,30.625,25,40.8333333333333
1500,2,23,0,0,0,39.5,70,70.0
1501,2,28,1,0,0,46.25,80,46.6666666666667
1502,3,48,0,1,1,44.375,25,68.3333333333333
1503,2,50,1,1,1,47.5,65,47.5
1504,3,37,0,1,0,40.625,35,54.1666666666667
1505,2,47,0,1,0,26.25,0,66.6666666666667
1506,2,23,0,0,1,37.5,100,21.6666666666667
1507,2,40,1,1,0,43.75,50,17.3333333333333
1508,1,34,0,1,0,38.75,25,30.1666666666667
1509,1,19,1,1,1,18.125,10,18.3333333333333
1510,1,36,0,1,1,58.75,70,35.0
1511,3,30,1,0,1,35.0,50,61.6666666666667
1512,1,24,0,0,0,61.125,75,46.1666666666667
1513,1,18,0,0,1,54.0,50,59.3333333333333
1514,2,36,1,0,1,48.125,50,61.6666666666667
1515,3,37,1,0,0,26.25,20,48.3333333333333
1516,2,33,0,0,1,67.5,70,81.6666666666667
1517,1,35,1,0,0,37.5,50,15.0
1518,2,35,0,1,1,25.0,75,0.0
1519,1,27,0,0,0,36.875,40,45.0
1520,2,26,1,1,1,50.625,50,53.3333333333333
1521,2,48,1,1,0,46.25,50,49.1666666666667
1522,2,64,1,0,1,71.25,80,83.1666666666667
1523,2,47,1,1,1,45.0,60,48.3333333333333
1524,2,25,0,1,1,69.0,65,50.6666666666667
1525,1,45,1,0,1,48.125,75,21.8333333333333
1526,3,28,0,1,0,33.125,50,35.8333333333333
1527,2,35,1,1,1,55.625,50,36.6666666666667
1528,2,24,0,1,0,31.25,50,58.3333333333333
1529,1,50,0,0,1,50.0,75,59.1666666666667
1530,3,27,1,1,1,48.125,50,50.8333333333333
1531,2,33,0,1,1,11.25,30,31.6666666666667
1532,3,29,1,1,0,40.0,45,7.33333333333333
1533,2,36,0,1,0,45.0,50,25.0
1534,3,33,1,0,0,46.25,60,56.6666666666667
1535,1,59,1,0,1,58.625,90,50.0
1536,2,31,0,1,1,25.0,0,1.66666666666667
1537,3,42,1,1,1,50.125,75,45.0
1538,2,68,1,0,1,30.125,25,23.8333333333333
1539,2,33,0,1,0,24.375,20,30.8333333333333
1540,1,32,1,0,1,33.125,5,26.5
1541,1,62,0,0,1,34.375,50,46.6666666666667
1542,1,36,1,1,1,52.5,65,59.8333333333333
1543,1,25,1,1,1,41.25,50,46.6666666666667
1544,0,26,0,1,1,49.375,50,18.6666666666667
1545,0,32,0,0,0,70.125,98,57.5
1546,2,26,1,1,1,50.0,50,50.0
1547,2,22,1,1,1,45.625,80,75.8333333333333
1548,2,40,1,0,1,64.5,85,69.1666666666667
1549,2,33,0,0,0,58.125,80,69.6666666666667
1550,2,44,1,0,1,64.375,60,62.5
1551,1,55,1,0,0,45.625,30,25.0
1552,2,35,1,0,1,74.375,100,45.0
1553,3,30,1,1,1,65.0,80,71.6666666666667
1554,2,26,0,0,0,53.75,90,41.6666666666667
1555,2,62,1,0,0,33.75,50,67.5
1556,1,29,1,1,1,26.25,35,23.3333333333333
1557,2,28,1,1,0,55.25,75,60.0
1558,1,36,1,0,0,63.75,75,62.5
1559,0,22,1,1,0,61.25,100,52.5
1560,2,26,0,1,0,62.5,40,47.0
1561,3,35,0,0,0,35.0,10,26.6666666666667
1562,1,31,0,1,0,46.25,50,50.0
1563,2,24,0,1,1,46.25,40,39.1666666666667
1564,1,66,1,0,1,11.875,10,30.0
1565,2,25,1,0,1,39.375,50,47.5
1566,2,25,1,1,0,62.5,90,35.1666666666667
1567,3,27,0,0,1,48.125,40,57.5
1568,2,37,1,0,1,63.75,80,58.3333333333333
1569,0,39,0,0,0,22.5,0,1.66666666666667
1570,3,40,0,1,1,52.5,60,42.1666666666667
1571,2,25,0,0,1,68.75,100,52.3333333333333
1572,3,41,1,0,1,43.75,50,61.6666666666667
1573,3,73,1,0,1,67.875,75,43.3333333333333
1574,0,48,1,0,1,43.75,50,45.0
1575,2,58,0,1,0,41.875,50,38.1666666666667
1576,3,41,0,0,0,41.0,35,61.6666666666667
1577,2,66,0,1,1,40.0,50,35.3333333333333
1578,0,55,0,1,0,28.75,50,11.6666666666667
1579,2,70,0,1,0,38.75,50,54.1666666666667
1580,3,49,0,0,1,57.5,75,38.5
1581,0,25,0,0,0,43.75,40,43.3333333333333
1582,2,51,1,1,1,34.375,0,43.3333333333333
1583,2,47,0,0,0,60.0,70,65.0
1584,0,38,0,1,1,48.75,50,29.6666666666667
1585,2,56,0,0,0,20.875,10,17.1666666666667
1586,2,46,1,1,1,56.25,50,32.3333333333333
1587,0,30,1,0,1,65.0,100,52.3333333333333
1588,2,43,1,1,0,40.75,3,70.3333333333333
1589,2,52,1,1,1,38.75,25,62.5
1590,1,28,1,0,1,48.75,50,0.0
1591,2,48,0,0,1,40.125,60,31.8333333333333
1592,2,47,0,1,1,29.125,10,15.8333333333333
1593,2,60,1,1,1,59.375,50,42.5
1594,1,58,1,0,0,67.5,80,74.1666666666667
1595,2,28,0,0,0,18.125,20,34.1666666666667
1596,2,31,0,0,1,48.75,50,33.6666666666667
1597,2,44,1,0,1,45.625,50,62.5
1598,2,44,1,0,0,55.0,70,45.0
1599,1,32,1,0,1,26.25,30,61.6666666666667
1600,2,30,0,0,1,13.75,0,4.5
1601,1,37,0,0,0,68.75,90,41.6666666666667
1602,3,29,1,1,1,51.25,50,56.6666666666667
1603,2,36,1,0,0,23.75,5,39.5
1604,1,32,1,0,0,38.75,65,55.0
1605,1,33,0,1,1,41.875,30,64.1666666666667
1606,1,30,0,1,1,45.0,50,38.3333333333333
1607,3,28,0,0,1,61.25,70,50.0
1608,2,36,0,1,1,49.375,25,62.1666666666667
1609,1,29,1,1,0,53.125,35,50.3333333333333
1610,3,54,1,0,1,44.375,50,62.6666666666667
1611,2,72,0,0,1,56.25,50,74.1666666666667
1612,1,34,1,1,1,1.5,0,0.0
1613,2,32,1,0,0,26.875,10,25.0
1614,2,64,1,1,1,47.375,50,45.0
1615,1,35,1,0,1,33.75,70,8.33333333333333
1616,2,51,0,0,0,51.25,30,38.8333333333333
1617,2,37,0,0,0,23.75,10,44.1666666666667
1618,2,52,1,1,0,70.625,60,66.6666666666667
1619,2,41,0,0,1,40.75,50,24.8333333333333
1620,2,24,0,0,1,41.875,35,60.8333333333333
1621,2,75,0,0,0,50.0,60,54.1666666666667
1622,1,32,0,0,1,62.5,75,88.5
1623,2,57,1,0,0,33.75,50,18.5
1624,3,39,1,1,1,43.125,25,31.0
1625,1,41,1,0,1,41.875,60,40.8333333333333
1626,2,29,0,1,1,47.5,60,45.8333333333333
1627,1,43,1,1,0,39.375,30,43.3333333333333
1628,3,30,0,1,0,42.5,0,80.0
1629,1,55,0,1,0,32.5,40,60.0
1630,1,44,1,1,1,48.75,50,55.0
1631,3,65,1,0,1,50.625,25,70.0
1632,0,40,0,1,1,60.0,45,44.0
1633,2,30,1,0,0,31.25,10,8.33333333333333
1634,2,26,1,1,0,38.625,20,46.6666666666667
1635,3,40,0,1,0,63.125,55,67.5
1636,2,35,0,1,0,29.875,74,48.6666666666667
1637,3,39,0,0,0,63.125,50,80.0
1638,2,57,1,0,1,36.25,25,33.3333333333333
1639,0,22,1,1,1,52.125,90,33.8333333333333
1640,2,30,0,1,1,44.375,60,53.3333333333333
1641,1,26,0,1,0,38.75,30,43.3333333333333
1642,1,39,1,1,0,46.875,50,54.1666666666667
1643,2,42,1,0,0,51.25,60,55.8333333333333
1644,2,49,1,0,0,44.375,50,56.6666666666667
1645,3,31,0,0,0,46.25,60,33.5
1646,2,38,1,1,1,52.5,75,75.8333333333333
1647,1,58,1,1,0,33.75,10,61.6666666666667
1648,1,61,0,1,0,32.5,20,33.0
1649,1,61,1,1,1,39.375,50,37.5
1650,1,30,1,1,0,57.5,70,61.6666666666667
1651,3,35,0,1,1,50.0,65,38.0
1652,1,50,0,1,0,51.25,75,55.8333333333333
1653,3,36,1,0,0,40.625,40,68.3333333333333
1654,3,32,0,0,1,51.25,50,55.0
1655,2,34,1,1,1,50.0,50,50.0
1656,1,47,0,0,0,59.375,90,45.6666666666667
1657,3,40,0,0,0,36.875,35,65.8333333333333
1658,3,47,0,0,1,45.0,50,34.6666666666667
1659,2,32,1,1,1,48.625,40,45.0
1660,2,25,1,0,1,40.0,40,23.3333333333333
1661,2,47,1,1,1,0.0,0,0.0
1662,2,42,0,1,1,36.25,60,53.3333333333333
1663,1,32,0,1,0,50.25,50,39.8333333333333
1664,0,24,1,0,1,28.75,90,18.0
1665,2,45,0,0,1,35.0,50,28.0
1666,2,24,0,1,0,50.625,60,3.33333333333333
1667,0,18,0,0,1,41.25,50,48.1666666666667
1668,0,20,0,1,0,53.125,90,69.1666666666667
1669,2,47,1,1,0,39.375,25,59.1666666666667
1670,1,53,1,0,0,38.0,60,53.3333333333333
1671,2,64,0,1,0,8.25,5,10.0
1672,3,26,1,1,1,48.75,50,65.8333333333333
1673,2,65,1,1,1,31.875,25,61.6666666666667
1674,2,43,1,0,1,50.0,50,25.0
1675,1,32,1,1,1,28.25,66,51.0
1676,3,62,1,0,1,42.5,10,86.6666666666667
1677,1,61,0,1,1,30.625,40,29.1666666666667
1678,2,57,0,0,1,53.75,60,50.0
1679,2,67,1,0,0,42.5,50,55.8333333333333
1680,1,51,1,0,0,53.75,50,52.5
1681,2,36,1,1,0,38.75,50,18.3333333333333
1682,2,25,0,0,1,29.125,35,24.8333333333333
1683,3,23,0,0,1,50.0,75,32.5
1684,3,37,1,1,0,53.125,40,51.6666666666667
1685,3,32,0,0,0,63.75,50,73.3333333333333
1686,0,36,0,1,1,58.25,40,61.6666666666667
1687,2,21,1,0,1,40.0,0,73.3333333333333
1688,3,28,0,1,0,51.25,60,45.0
1689,2,55,0,1,1,8.75,15,40.8333333333333
1690,2,26,1,0,0,20.0,25,25.0
1691,2,30,0,1,0,20.0,30,52.5
1692,1,44,1,0,1,47.5,0,17.6666666666667
1693,1,38,1,1,0,38.125,75,19.8333333333333
1694,2,38,0,0,0,80.125,97,86.3333333333333
1695,3,68,0,0,0,46.875,80,65.8333333333333
1696,3,25,0,1,0,41.25,90,41.6666666666667
1697,2,22,0,1,0,48.75,80,26.1666666666667
1698,3,58,1,1,1,48.75,60,55.0
1699,2,30,1,1,0,47.5,50,30.0
1700,2,60,1,1,0,50.625,85,47.3333333333333
1701,1,22,0,0,0,78.125,85,85.0
1702,2,40,0,1,1,22.5,40,42.5
1703,2,36,0,1,1,43.75,50,41.6666666666667
1704,3,55,1,0,1,50.0,50,53.3333333333333
1705,2,28,1,0,1,31.25,25,43.3333333333333
1706,2,30,1,0,1,20.625,40,48.6666666666667
1707,2,67,0,1,0,22.5,0,47.5
1708,2,45,0,1,0,48.75,70,24.1666666666667
1709,2,34,1,0,0,25.625,80,13.3333333333333
1710,2,30,0,0,0,56.25,50,48.3333333333333
1711,2,28,0,0,0,45.625,60,22.5
1712,2,51,0,0,1,31.625,32,23.8333333333333
1713,0,32,0,1,0,65.625,90,55.0
1714,3,58,1,1,1,58.125,85,55.0
1715,2,61,1,1,1,52.5,50,62.5
1716,0,50,1,1,0,26.25,10,45.8333333333333
1717,2,40,1,1,1,48.125,50,40.0
1718,3,42,0,1,0,50.625,50,76.6666666666667
1719,2,38,1,0,1,39.25,45,69.1666666666667
1720,1,31,0,1,0,50.0,50,45.0
1721,2,39,0,1,1,51.25,65,41.6666666666667
1722,2,32,1,1,1,46.25,50,56.6666666666667
1723,1,29,0,1,1,18.75,30,58.3333333333333
1724,1,19,1,1,1,47.5,50,56.6666666666667
1725,2,36,1,0,1,12.5,0,7.5
1726,0,30,0,0,1,45.625,80,45.0
1727,2,30,0,0,0,15.375,35,19.1666666666667
1728,1,23,0,0,0,29.375,40,12.5
1729,1,19,1,0,0,35.0,70,45.0
1730,2,58,0,0,0,55.625,65,76.6666666666667
1731,0,24,1,0,1,38.125,50,54.1666666666667
1732,2,22,1,1,0,33.75,0,40.0
1733,2,53,1,0,1,50.0,50,48.3333333333333
1734,2,29,1,0,0,25.0,5,58.3333333333333
1735,3,34,1,1,1,36.375,70,42.8333333333333
1736,2,31,1,0,0,35.0,20,63.3333333333333
1737,2,32,0,1,0,37.5,40,50.0
1738,0,41,1,0,0,70.0,50,52.5
1739,2,68,1,0,1,53.125,70,44.1666666666667
1740,2,44,1,1,1,41.25,40,70.0
1741,2,60,1,1,0,71.25,70,49.0
1742,3,34,1,1,1,45.625,80,48.3333333333333
1743,3,39,0,0,1,53.75,50,53.3333333333333
1744,0,44,1,0,0,35.75,60,51.6666666666667
1745,3,38,0,0,1,33.75,50,50.0
1746,2,59,0,0,0,54.875,62,52.0
1747,3,26,0,0,0,53.125,50,64.1666666666667
1748,2,38,1,0,0,51.25,70,66.6666666666667
1749,1,54,1,1,1,40.0,50,62.5
1750,3,45,0,1,0,39.375,50,47.5
1751,1,20,1,1,1,59.375,70,41.0
1752,2,35,1,1,0,22.5,60,42.5
1753,2,43,0,1,1,38.125,55,49.1666666666667
1754,0,40,0,0,0,31.25,50,50.0
1755,0,31,1,0,1,51.25,60,48.3333333333333
1756,0,69,0,0,0,34.375,30,39.1666666666667
1757,1,21,0,0,0,58.75,70,40.0
1758,1,58,1,1,1,46.25,75,50.6666666666667
1759,2,32,1,1,1,31.875,25,20.8333333333333
1760,3,35,1,1,0,41.25,20,48.3333333333333
1761,1,28,1,0,1,27.5,5,45.0
1762,3,39,0,1,1,47.5,80,69.1666666666667
1763,1,21,0,0,1,29.25,36,41.3333333333333
1764,2,31,1,0,0,66.25,85,49.5
1765,1,35,1,1,0,37.5,50,42.5
1766,3,47,1,1,1,62.5,80,70.0
1767,2,38,0,0,0,51.875,50,43.1666666666667
1768,0,59,0,1,1,56.25,60,48.6666666666667
1769,0,50,1,1,0,43.75,20,35.0
1770,3,64,1,0,0,32.5,5,38.3333333333333
1771,2,30,0,1,1,39.375,50,52.5
1772,3,67,1,0,0,45.625,45,38.0
1773,2,25,0,1,1,57.5,100,6.66666666666667
1774,1,30,1,0,0,50.0,50,21.3333333333333
1775,2,31,1,0,0,75.0,100,33.3333333333333
1776,2,33,1,1,0,12.5,20,26.6666666666667
1777,1,64,0,1,0,52.5,30,66.6666666666667
1778,2,22,1,0,0,48.75,50,70.0
1779,2,65,0,0,1,43.125,60,59.1666666666667
1780,0,34,0,1,0,45.625,45,37.5
1781,2,42,1,1,1,33.75,10,43.3333333333333
1782,2,35,1,1,0,61.25,60,53.3333333333333
1783,3,29,0,0,0,34.875,45,14.8333333333333
1784,1,20,1,1,0,52.5,50,43.3333333333333
1785,2,38,1,0,1,40.0,60,25.0
1786,2,27,0,0,0,46.25,40,66.6666666666667
1787,1,62,1,0,1,36.25,0,68.3333333333333
1788,1,37,1,1,0,46.25,50,37.5
1789,1,28,1,0,1,77.125,90,70.0
1790,0,27,0,1,1,41.25,50,55.8333333333333
1791,0,30,0,1,0,48.125,55,50.0
1792,2,40,1,1,0,70.0,90,80.0
1793,2,29,1,1,1,70.0,100,20.0
1794,2,50,1,1,1,32.5,50,40.3333333333333
1795,1,45,1,1,1,48.75,75,80.0
1796,3,36,1,1,1,47.5,50,46.6666666666667
1797,2,32,0,1,0,45.375,45,25.5
1798,0,29,0,0,0,46.875,50,41.6666666666667
1799,1,40,0,1,1,51.25,30,53.3333333333333
1800,2,25,1,0,0,66.25,85,40.3333333333333
1801,2,37,1,1,1,36.875,30,60.8333333333333
1802,3,46,1,1,1,9.375,0,6.16666666666667
1803,3,25,1,1,0,23.75,40,25.0
1804,2,34,0,0,1,33.75,20,65.8333333333333
1805,1,40,0,1,0,14.125,24,24.0
1806,1,33,0,1,1,18.125,50,15.0
1807,1,34,0,1,1,25.0,50,0.0
1808,1,55,1,1,0,51.875,75,77.5
1809,1,21,1,1,1,52.5,50,48.3333333333333
1810,1,30,1,0,1,30.625,70,51.6666666666667
1811,2,38,1,1,1,14.375,5,8.66666666666667
1812,3,40,1,0,0,51.25,50,42.5
1813,3,54,0,1,1,71.25,90,75.0
1814,2,26,0,1,1,33.75,10,56.6666666666667
1815,1,54,1,1,0,21.875,30,50.0
1816,2,43,0,0,1,58.125,70,26.3333333333333
1817,1,24,1,0,0,66.25,70,63.3333333333333
1818,1,18,0,1,0,25.0,25,40.0
1819,2,23,1,1,0,56.875,75,50.0
1820,3,38,0,0,0,29.5,5,61.6666666666667
1821,0,47,1,0,0,65.625,75,61.6666666666667
1822,2,36,1,1,1,36.875,50,51.6666666666667
1823,2,48,1,1,1,45.625,50,48.3333333333333
1824,2,31,0,0,0,46.25,70,56.6666666666667
1825,3,32,1,0,0,40.625,50,50.0
1826,2,26,1,1,0,66.25,80,53.3333333333333
1827,2,40,0,0,1,64.375,60,60.8333333333333
1828,2,24,0,0,0,30.0,40,39.1666666666667
1829,2,32,0,0,1,27.5,30,54.1666666666667
1830,2,31,0,1,1,41.25,20,65.8333333333333
1831,0,19,0,0,0,21.25,70,40.0
1832,2,23,1,0,1,49.25,60,49.5
1833,1,45,0,0,0,0.0,0,25.8333333333333
1834,1,26,1,1,0,25.0,20,38.3333333333333
1835,2,32,1,0,1,46.875,50,45.8333333333333
1836,0,25,0,1,1,61.25,80,60.0
1837,1,30,0,0,0,53.75,50,62.5
1838,1,37,0,0,0,43.75,80,75.0
1839,1,42,0,0,0,46.875,75,58.3333333333333
1840,1,56,1,0,1,18.75,0,30.0
1841,0,53,0,0,0,19.375,0,45.8333333333333
1842,2,37,1,1,1,25.0,30,18.8333333333333
1843,3,56,0,1,0,32.5,50,45.0
1844,2,37,0,1,1,55.25,57,45.8333333333333
1845,2,32,0,1,1,65.0,90,39.0
1846,2,29,0,1,1,43.75,50,48.3333333333333
1847,3,33,1,1,0,50.0,50,66.6666666666667
1848,0,41,0,1,0,58.125,100,50.0
1849,0,68,1,1,1,37.5,50,50.0
1850,0,50,0,1,1,41.875,50,65.0
1851,2,37,1,0,1,56.25,100,75.0
1852,1,59,0,0,0,33.625,50,44.8333333333333
1853,3,28,0,0,1,62.5,75,50.0
1854,3,22,1,1,0,68.75,95,58.3333333333333
1855,2,48,1,0,1,38.75,50,38.6666666666667
1856,1,53,1,1,0,61.875,75,71.6666666666667
1857,1,64,1,1,0,52.5,80,76.6666666666667
1858,3,31,0,1,1,36.5,50,55.8333333333333
1859,1,45,0,0,1,44.375,70,70.8333333333333
1860,2,31,1,0,1,34.375,50,74.1666666666667
1861,2,42,0,1,0,62.5,60,73.3333333333333
1862,2,56,0,1,0,59.25,75,40.8333333333333
1863,0,37,1,0,1,0.25,0,3.33333333333333
1864,2,27,0,0,0,13.75,25,25.8333333333333
1865,2,51,0,0,0,46.875,50,33.3333333333333
1866,0,62,1,1,1,28.75,10,30.0
1867,1,59,0,1,0,33.125,10,30.0
1868,1,34,0,0,0,21.875,5,28.3333333333333
1869,1,58,0,1,1,40.625,75,53.3333333333333
1870,2,27,0,0,0,45.0,30,48.3333333333333
1871,3,63,1,1,1,41.25,30,63.3333333333333
1872,1,32,1,0,0,55.0,70,31.6666666666667
1873,2,71,0,1,1,68.125,65,62.8333333333333
1874,2,48,1,0,1,50.5,25,45.0
1875,1,36,1,1,1,61.25,80,79.1666666666667
1876,1,73,1,0,1,62.5,85,80.8333333333333
1877,3,67,1,1,1,56.25,50,63.3333333333333
1878,1,55,0,1,0,63.125,70,66.6666666666667
1879,1,66,1,0,1,61.875,80,73.3333333333333
1880,2,55,0,1,0,31.625,34,34.8333333333333
1881,3,62,1,1,0,52.5,75,73.3333333333333
1882,1,40,1,1,1,50.0,50,27.6666666666667
1883,2,63,0,0,0,32.5,35,36.3333333333333
1884,1,26,1,1,0,46.25,50,50.0
1885,2,36,1,0,0,16.25,0,13.3333333333333
1886,2,67,1,0,0,45.0,50,37.8333333333333
1887,1,31,0,0,0,43.75,75,56.5
1888,3,34,1,0,0,31.875,80,8.66666666666667
1889,1,43,0,0,0,37.5,50,26.6666666666667
1890,2,39,1,1,0,49.375,75,60.0
1891,1,74,1,0,0,23.75,0,30.8333333333333
1892,3,49,0,0,0,30.625,5,65.0
1893,2,56,1,1,1,46.875,50,78.3333333333333
1894,2,45,1,0,0,63.75,75,40.3333333333333
1895,3,36,1,1,1,65.0,70,73.3333333333333
1896,0,20,0,0,0,48.125,20,67.5
1897,0,57,1,0,1,60.625,75,49.6666666666667
1898,3,58,1,1,0,35.625,40,35.0
1899,3,56,0,0,1,46.25,70,55.0
1900,1,54,1,0,1,46.25,60,22.5
1901,2,45,1,1,1,41.875,70,54.1666666666667
1902,2,48,1,1,1,31.25,40,30.0
1903,3,29,1,1,0,46.25,50,60.0
1904,1,25,1,0,0,46.25,20,66.6666666666667
1905,2,39,0,0,1,26.25,0,33.3333333333333
1906,3,33,1,0,1,35.0,50,65.8333333333333
1907,2,61,1,1,0,10.625,10,25.3333333333333
1908,2,34,0,1,0,26.5,1,20.0
1909,2,27,1,1,1,48.125,65,71.6666666666667
1910,2,29,1,0,1,30.0,0,15.0
1911,2,27,0,1,1,42.5,65,44.1666666666667
1912,2,58,1,1,1,25.0,25,44.1666666666667
1913,1,23,0,0,0,26.25,50,31.6666666666667
1914,3,35,1,1,0,40.0,10,35.0
1915,2,23,0,1,1,66.25,80,53.3333333333333
1916,1,25,0,0,0,13.0,18,34.1666666666667
1917,2,32,1,1,0,35.625,50,37.5
1918,2,59,0,0,0,10.125,10,30.6666666666667
1919,2,28,1,0,0,50.625,50,45.6666666666667
1920,1,53,1,0,0,53.75,60,64.3333333333333
1921,1,29,0,0,0,62.5,100,83.3333333333333
1922,2,34,1,0,0,56.25,90,51.6666666666667
1923,2,53,1,0,0,12.5,0,49.1666666666667
1924,2,30,0,0,1,70.0,80,44.1666666666667
1925,3,25,0,0,0,62.5,50,58.3333333333333
1926,2,30,0,0,0,57.25,50,53.0
1927,3,31,1,0,0,53.5,40,67.0
1928,2,39,0,0,1,58.125,80,55.8333333333333
1929,3,34,1,0,1,74.375,100,60.0
1930,1,30,1,0,0,46.25,50,57.5
1931,2,30,0,1,0,60.0,75,27.3333333333333
1932,1,33,1,0,0,50.0,50,23.3333333333333
1933,1,21,1,1,0,60.0,65,64.1666666666667
1934,1,38,0,1,0,25.0,15,60.8333333333333
1935,2,34,1,0,1,42.5,50,41.6666666666667
1936,1,28,1,0,0,50.625,75,35.0
1937,2,41,1,1,1,48.75,20,49.0
1938,2,36,1,1,0,41.25,60,74.1666666666667
1939,3,42,1,1,1,40.625,75,30.8333333333333
1940,3,35,0,0,0,61.875,60,74.1666666666667
1941,1,29,0,0,1,61.25,80,61.6666666666667
1942,3,57,1,0,1,51.25,70,28.3333333333333
1943,1,21,1,1,0,46.875,90,38.3333333333333
1944,1,31,0,0,1,51.5,100,75.8333333333333
1945,2,32,1,1,1,51.25,60,61.6666666666667
1946,2,23,0,1,0,51.25,50,50.0
1947,1,19,1,1,0,60.625,50,31.6666666666667
1948,2,33,1,0,0,67.375,66,56.1666666666667
1949,2,24,0,1,0,48.75,50,63.3333333333333
1950,2,24,0,1,0,32.5,40,41.6666666666667
1951,1,24,1,1,1,52.5,50,53.3333333333333
1952,2,53,1,0,1,66.875,60,50.3333333333333
1953,1,30,1,1,1,31.25,100,35.6666666666667
1954,3,24,0,0,1,35.0,20,58.3333333333333
1955,1,31,0,0,1,48.75,60,35.0
1956,0,38,1,1,1,53.75,80,71.6666666666667
1957,1,51,1,1,1,49.375,50,40.0
1958,2,42,1,1,1,46.25,20,32.5
1959,2,21,1,1,0,59.375,70,26.8333333333333
1960,3,39,0,1,0,52.5,70,48.3333333333333
1961,2,40,1,1,0,70.375,83,50.0
1962,3,34,0,1,1,78.0,70,71.0
1963,1,23,1,0,0,55.0,70,60.0
1964,2,26,0,1,0,37.75,78,40.0
1965,0,50,1,0,1,22.125,25,40.0
1966,2,22,0,0,1,47.375,50,59.1666666666667
1967,2,25,1,1,1,41.75,48,31.8333333333333
1968,2,35,0,1,1,55.0,50,58.3333333333333
1969,1,28,1,1,1,35.625,60,25.8333333333333
1970,2,33,0,0,0,37.0,50,36.6666666666667
1971,0,36,0,0,1,50.0,100,18.3333333333333
1972,3,57,0,1,1,30.0,75,61.6666666666667
1973,2,23,1,1,1,13.75,10,6.66666666666667
1974,0,25,0,0,1,53.625,50,68.3333333333333
1975,2,25,0,0,1,51.5,50,68.3333333333333
1976,2,34,0,0,1,58.125,50,74.1666666666667
1977,2,38,0,1,0,33.125,50,75.8333333333333
1978,2,41,0,1,1,55.625,60,59.1666666666667
1979,2,33,1,0,1,55.625,65,58.3333333333333
1980,1,32,0,1,1,1.375,1,2.66666666666667
1981,2,27,0,1,0,8.75,0,0.0
1982,1,29,1,0,0,27.5,20,46.6666666666667
1983,2,50,1,0,1,48.5,90,54.5
1984,2,31,1,1,0,25.0,75,8.66666666666667
1985,1,19,0,1,0,15.0,15,4.66666666666667
1986,2,29,1,0,1,69.0,60,47.8333333333333
1987,3,45,1,0,1,60.0,70,57.5
1988,2,33,1,1,0,55.0,50,67.5
1989,3,34,1,0,1,50.0,100,83.3333333333333
1990,2,32,0,0,0,63.75,60,63.3333333333333
1991,2,70,1,0,0,45.625,80,45.1666666666667
1992,2,25,1,0,1,46.25,40,70.0
1993,2,46,1,0,1,48.75,70,59.1666666666667
1994,2,22,1,0,0,62.5,75,53.3333333333333
1995,1,29,1,1,0,41.25,80,20.0
1996,3,55,1,0,0,53.125,80,55.0
1997,2,35,0,0,0,75.0,90,83.3333333333333
1998,2,30,1,1,1,19.375,15,37.5
1999,2,33,1,0,0,37.125,60,55.8333333333333
2000,2,53,0,0,0,66.875,80,73.8333333333333
2001,2,29,0,1,1,50.0,60,56.5
2002,2,23,1,1,1,23.125,5,33.6666666666667
2003,0,33,1,1,0,23.75,50,1.66666666666667
2004,2,39,0,0,0,6.25,0,12.5
2005,2,60,1,1,1,21.25,30,36.6666666666667
2006,2,34,0,1,0,30.0,0,65.0
2007,2,30,1,0,1,40.0,25,63.3333333333333
2008,0,46,1,0,0,46.875,50,33.3333333333333
2009,0,49,1,0,0,47.5,90,24.3333333333333
2010,3,28,0,0,0,76.25,90,70.0
2011,2,29,0,0,0,37.5,85,63.3333333333333
2012,2,25,0,0,1,48.75,60,47.5
2013,2,28,1,0,0,56.25,50,86.6666666666667
2014,2,29,0,1,0,66.875,80,77.5
2015,2,28,0,1,1,41.75,70,37.5
2016,2,33,0,0,1,57.5,70,64.1666666666667
2017,1,38,1,1,0,38.125,70,27.5
2018,2,38,0,1,1,3.125,0,12.5
2019,2,45,0,1,0,56.25,80,68.3333333333333
2020,2,39,1,1,0,41.875,50,60.0
2021,0,33,0,0,0,51.25,50,72.5
2022,2,29,1,0,1,50.0,50,50.0
2023,1,28,0,1,1,46.25,50,41.6666666666667
2024,2,54,0,1,1,62.5,60,30.8333333333333
2025,1,69,1,0,1,40.0,15,42.0
2026,2,36,1,1,1,43.75,10,45.0
2027,1,34,1,0,0,45.0,50,66.6666666666667
2028,3,39,1,1,0,71.875,90,40.8333333333333
2029,2,27,0,0,0,57.5,90,48.3333333333333
2030,3,28,1,1,1,70.0,90,46.1666666666667
2031,0,39,1,0,0,38.125,50,36.6666666666667
2032,0,34,0,1,0,45.0,50,65.0
2033,2,37,0,0,0,28.25,50,25.8333333333333
2034,2,36,0,1,1,77.5,60,73.3333333333333
2035,2,34,1,0,1,48.125,70,55.0
2036,2,32,1,0,1,50.625,40,36.6666666666667
2037,2,73,1,1,0,32.5,20,45.5
2038,1,33,0,1,1,25.0,100,51.0
2039,2,54,1,0,1,40.625,55,47.5
2040,1,31,0,1,1,43.75,50,42.8333333333333
2041,0,20,1,1,1,40.0,80,3.33333333333333
2042,2,55,1,1,1,57.5,50,64.1666666666667
2043,2,43,1,1,0,67.75,70,71.6666666666667
2044,2,34,1,1,1,93.125,95,47.3333333333333
2045,3,57,0,1,0,48.125,50,69.1666666666667
2046,0,28,0,0,0,7.5,0,0.0
2047,2,29,1,0,0,55.0,50,57.5
2048,0,30,1,0,0,54.375,80,17.6666666666667
2049,2,54,1,0,1,14.875,2,3.33333333333333
2050,1,54,1,0,0,64.375,65,63.3333333333333
2051,2,34,0,0,1,41.25,70,35.0
2052,2,35,0,1,0,29.375,25,22.8333333333333
2053,3,37,1,0,1,53.125,50,59.1666666666667
2054,2,29,1,1,1,25.0,50,1.66666666666667
2055,3,29,1,0,0,40.0,50,35.0
2056,0,41,0,1,0,24.375,20,32.5
2057,3,36,1,1,1,46.875,75,30.0
2058,2,40,1,0,0,45.0,50,74.1666666666667
2059,2,46,1,1,1,41.875,50,76.6666666666667
2060,2,28,1,0,0,53.75,75,50.0
2061,2,35,0,1,0,70.625,85,75.8333333333333
2062,2,33,0,1,1,63.0,70,65.8333333333333
2063,1,42,0,1,0,61.875,75,55.0
2064,3,24,0,1,1,26.875,30,59.1666666666667
2065,2,57,1,1,1,52.5,60,75.0
2066,3,31,1,1,1,32.5,50,62.5
2067,1,27,0,0,0,47.5,70,50.0
2068,1,22,1,1,0,10.0,0,33.3333333333333
2069,2,36,0,0,0,55.0,60,55.0
2070,1,50,1,0,0,46.875,50,27.0
2071,1,34,1,0,0,56.25,80,25.0
2072,0,38,1,1,0,43.75,75,47.5
2073,3,50,1,0,0,44.375,65,52.5
2074,3,50,0,1,0,51.25,40,65.0
2075,2,33,0,1,0,70.0,70,46.6666666666667
2076,0,25,1,1,0,47.5,10,75.8333333333333
2077,2,60,0,1,1,70.0,80,50.3333333333333
2078,1,34,0,1,1,50.0,50,65.6666666666667
2079,3,25,0,0,0,50.0,50,50.0
2080,2,32,0,1,0,50.875,15,76.1666666666667
2081,2,27,0,0,1,48.75,70,27.1666666666667
2082,2,27,1,1,0,45.0,80,51.6666666666667
2083,0,43,1,1,1,48.75,80,29.6666666666667
2084,2,28,0,0,0,41.875,50,67.5
2085,1,27,1,0,1,62.5,100,83.3333333333333
2086,3,68,0,0,0,63.75,80,69.1666666666667
2087,3,50,0,0,0,87.5,100,100.0
2088,2,52,1,1,1,33.5,45,17.8333333333333
